2.2973578	2.361402	-2.6124876	-3.1372418	0.5723588	2.2063885	3.3149462	-2.665898
2.7597196	2.8789096	-2.8359678	-4.087816	2.2774277	3.168629	4.0951467	-3.1711173
0.37782538	0.35337588	-0.41846544	-0.5634069	0.00875757	0.28468937	0.5609229	-0.39074075
-0.049307685	-0.06864429	0.0021006437	0.016659979	-0.34396783	-0.17715552	-0.022226907	0.051695056
-0.3361468	-0.27992603	0.25661168	0.4279071	-0.43562296	-0.3169943	-0.37674344	0.18354517
-2.4889898	-2.5403924	2.6595948	3.3771255	-0.3964887	-2.515803	-3.5520291	1.1220565
-2.474088	-2.6252484	2.6733835	3.3930013	-0.40546116	-2.465191	-3.5664356	1.1301963
-2.4867973	-2.5591054	2.7099266	3.3810375	-0.44523576	-2.5282302	-3.5513136	1.1468774
1.47052	1.586934	-1.5722123	-2.3034382	1.1318622	1.6573083	2.1982102	-1.7247168
1.079153	1.1451278	-1.1982505	-1.6311611	0.71501136	1.1932901	1.6508214	-1.2145665
-3.529649	-3.7461896	3.6352534	5.1233115	-2.4976392	-3.8786395	-5.2038393	3.299207
0.21516356	0.19527772	-0.1705151	-0.3261744	0.0010736419	0.20392598	0.30149332	-0.28115523
-1.9911416	-2.094353	2.1375744	2.8462222	-1.2885126	-2.1998255	-2.9360871	1.766248
-0.4729308	-0.54966825	0.4296052	0.7664748	-0.62103176	-0.60048926	-0.75223	0.5204933
2.010279	2.1038945	-2.1061616	-3.073707	1.866543	2.3692298	2.9668722	-2.2846837
-1.8040947	-1.8057903	1.9888692	2.3158612	-0.00033176813	-1.7214704	-2.5363414	0.5354365
-1.8245021	-1.8383808	1.9430679	2.281642	-0.0034454046	-1.6970172	-2.4780881	0.5423461
0.21969664	0.2621805	-0.27666923	-0.31283444	0.011069308	0.19894208	0.32693177	-0.20087257
-0.65070367	-0.72802866	0.65061545	1.0194097	-0.67961425	-0.7459225	-0.9471731	0.7295629
-0.71571594	-0.74984294	0.6847207	1.0567267	-0.66676754	-0.84479994	-1.0503373	0.7203304
-2.1940768	-2.3854213	2.2633688	3.2922115	-1.6573187	-2.4850357	-3.2836938	2.0939474
2.7019095	2.7903001	-2.7939548	-4.0196323	2.4696267	3.106268	3.9982228	-3.213813
-0.9361674	-0.9982617	0.9127545	1.3845475	-0.9725	-1.1623574	-1.4119716	0.9797193
-2.725998	-2.8674724	2.8141086	3.9681082	-2.008786	-2.9989555	-4.0783553	2.6330526
-1.7072992	-1.6479887	1.8757653	2.1073751	0.108514145	-1.511094	-2.2721987	0.34194914
-1.695802	-1.6906557	1.7951026	2.1176515	0.08466987	-1.5125949	-2.2071187	0.41239843
1.8904388	1.9203008	-1.9184928	-2.8365026	1.5964909	2.1029863	2.7631981	-2.2053227
-0.36608472	-0.41154078	0.35401642	0.6057435	-0.40988088	-0.4416894	-0.560099	0.39102256
-0.494937	-0.52163035	0.4352282	0.65958184	-0.4887459	-0.54002804	-0.68084675	0.45715097
-1.6105486	-1.7055577	1.6583289	2.3138285	-1.3443409	-1.8004631	-2.3335626	1.5872262
-0.5987354	-0.6829574	0.6784601	0.96254754	-0.702425	-0.7707961	-0.9850278	0.71333003
0.7552564	0.7298662	-0.7319626	-1.1032406	0.42210254	0.84762156	1.080917	-0.8443844
-0.5309274	-0.47123393	0.5018938	0.7709177	-0.5626581	-0.5957674	-0.6644092	0.54147416
-1.3454202	-1.350441	1.3429679	1.9390557	-1.182816	-1.5203198	-1.8440304	1.3742198
1.1197178	1.1854835	-1.199442	-1.7920077	0.9319991	1.2435757	1.7838684	-1.3994582
-1.5816985	-1.6927688	1.6358966	2.1324074	-0.7281759	-1.7305992	-2.3560421	1.3116814
0.38994926	0.40814433	-0.44086522	-0.6101821	0.15581423	0.41664654	0.652299	-0.46413735
-1.2384107	-1.2631918	1.2543906	1.8461832	-1.1477593	-1.449124	-1.8161397	1.2295341
0.13061735	0.10382291	-0.17016728	-0.16654278	-0.015731834	0.13691129	0.1956241	-0.23878989
-0.9192462	-0.88534987	0.8352914	1.3348262	-0.8915224	-1.0484662	-1.2679442	0.9431381
-0.499053	-0.4623149	0.43093103	0.7038579	-0.58317524	-0.5487966	-0.624829	0.4379918
0.1344382	0.10556338	-0.17682746	-0.24778312	-0.008911911	0.17765263	0.17990355	-0.13349377
-0.96745276	-0.95971733	0.98534036	1.439626	-0.92467725	-1.1386507	-1.3739349	0.9793583
-0.5620184	-0.6418861	0.6114949	0.8569633	-0.5490322	-0.62100816	-0.7973806	0.5838033
0.035894625	0.04781797	-0.07466507	-0.06432323	-0.14119487	-0.03706988	0.07669579	-0.09981678
-1.9668773	-2.0274017	2.0156724	2.8377209	-1.1470274	-2.1987257	-2.883159	1.6945329
-1.9104041	-2.0540073	2.086647	2.894734	-1.1488634	-2.190442	-2.9136784	1.705384
-1.9759548	-2.0248458	2.0989208	2.8293638	-1.1090587	-2.1922536	-2.863411	1.7105299
1.0655493	1.1305245	-1.1140509	-1.7230994	0.89137655	1.2616069	1.6691049	-1.2113674
-0.75600845	-0.81103116	0.78785485	1.1145252	-0.6279133	-0.89064837	-1.1587481	0.7386289
0.021926643	0.046345167	-0.039743535	-0.052054077	-0.022492846	0.09747846	0.10167721	-0.072691634
-1.9795852	-2.0676243	2.0092568	2.8173416	-1.1425819	-2.1133842	-2.8891296	1.6353259
-1.2183306	-1.2658063	1.2106744	1.7346358	-1.0422997	-1.395786	-1.7589805	1.1945449
-2.3474877	-2.4545271	2.4421146	3.4388518	-1.6735611	-2.5606189	-3.5309253	2.2272618
-0.133411	-0.12817793	0.092196286	0.21900864	-0.27084392	-0.22394313	-0.18687977	0.165489
-2.0313344	-2.20066	2.168231	3.1048098	-1.5984646	-2.297124	-3.1205282	2.0764887
-0.9409564	-0.931178	0.8965909	1.3406026	-0.8060725	-1.0675815	-1.3759788	0.9647945
-0.23996593	-0.25717494	0.20794724	0.41258883	-0.46666542	-0.3388974	-0.37187412	0.28322336
-1.9111958	-2.105996	2.0506132	2.7736504	-1.3724512	-2.224488	-2.9188766	1.8320324
0.1226756	0.10650372	-0.06034421	-0.1787014	0.011249753	0.15015781	0.19043656	-0.10146303
-0.37184486	-0.34560135	0.3791248	0.56395566	-0.37531012	-0.41379994	-0.47949684	0.40637287
0.05846207	0.09437757	-0.06774143	-0.05657558	-0.06934614	-0.016243638	0.13224627	-0.14733571
1.0836302	1.1420058	-1.1750075	-1.6446043	0.84445167	1.2058301	1.5974537	-1.2662181
0.3205604	0.352698	-0.35741302	-0.5343758	0.25427774	0.3962161	0.55050683	-0.4157495
-0.9842037	-1.0258496	0.98794305	1.4062129	-0.85041696	-1.1798732	-1.4536371	1.0568607
2.0615423	2.1580327	-2.1203876	-3.092903	1.9932297	2.388185	3.0418446	-2.5873125
-1.0176381	-1.0458963	1.0696929	1.5521694	-0.8592537	-1.221595	-1.4920821	1.0192775
0.4265162	0.40020856	-0.4808644	-0.6303955	0.1820429	0.441399	0.6179245	-0.49394354
-1.334258	-1.2526349	1.4764055	1.5277854	0.30862862	-0.99734306	-1.6925722	0.030737758
-2.1309237	-2.2381444	2.1964207	3.310053	-1.2357514	-2.3475802	-3.2601874	1.9677663
-2.1565018	-2.2598507	2.2179534	3.299902	-1.2933321	-2.358929	-3.2653017	1.9319162
-0.47696826	-0.5114672	0.42644602	0.81030315	-0.84575874	-0.67904526	-0.74806523	0.63119537
0.4742247	0.4960309	-0.524335	-0.7336852	0.29719707	0.47629374	0.73662883	-0.5260651
0.8241583	0.9457457	-0.8734859	-1.2904754	0.58688545	0.9738217	1.2913369	-0.8884803
-0.51938546	-0.5286432	0.5234734	0.6274589	-0.45360014	-0.49506512	-0.6830612	0.44778955
0.102253556	0.11904717	-0.1416748	-0.18132454	-0.10743903	0.051639833	0.20809323	-0.10874073
1.5139487	1.5447881	-1.4756649	-2.1904721	1.2437402	1.7198663	2.2093468	-1.7651169
-0.4627593	-0.45707336	0.43293005	0.655645	-0.48791426	-0.54125154	-0.6149386	0.40113756
0.94614524	1.0341604	-1.0648452	-1.4201685	0.79423016	1.0813524	1.4241388	-1.0567997
-1.0582542	-1.2055045	1.0875213	1.6282921	-0.82327235	-1.2792934	-1.5678362	0.92945725
1.1528387	1.237912	-1.1614611	-1.7153424	0.9421855	1.3019248	1.6785914	-1.2622423
1.2469139	1.3653992	-1.323568	-1.9164362	1.1645005	1.481124	1.8115921	-1.4419407
1.9502324	2.040766	-1.9622152	-2.8769548	1.8862684	2.2765949	2.8439574	-2.495295
1.3668498	1.4499565	-1.4115578	-2.139037	1.3203549	1.5644162	2.0481172	-1.7042595
-0.4468318	-0.43178248	0.44951996	0.6232059	-0.3732145	-0.4262295	-0.568412	0.3969854
0.41341764	0.36954296	-0.43932417	-0.5381095	0.2295861	0.42786002	0.5124722	-0.43729153
-0.9806406	-0.988861	0.95910436	1.355078	-0.6938415	-1.0740012	-1.415518	0.93797535
-0.6597651	-0.72943515	0.6414856	0.9730039	-0.5953912	-0.8134891	-1.0320215	0.6294788
-1.6083099	-1.7260542	1.6835335	2.3961756	-1.1656152	-1.8032354	-2.4264965	1.557769
0.8637518	0.9668104	-0.8866624	-1.2984744	0.8438302	1.0381643	1.381422	-1.0232978
-1.4045271	-1.4267901	1.4164647	2.0824878	-1.0310638	-1.4989988	-2.08755	1.3224778
1.1999342	1.250182	-1.2499849	-1.830486	1.07688	1.3610252	1.8197176	-1.5995747
-0.5948328	-0.65988755	0.5651151	0.81839544	-0.5325436	-0.63561016	-0.8169018	0.5902429
-1.4620259	-1.5164846	1.489979	2.1491013	-0.987599	-1.5841454	-2.1921103	1.3443286
-1.2156777	-1.263782	1.2805667	1.7655877	-0.86411244	-1.3641796	-1.7342318	1.1332407
-0.68440425	-0.66173494	0.6268211	1.0330651	-0.65561235	-0.7392381	-1.0099137	0.67245585
-0.5334443	-0.5128751	0.5299968	0.73404634	-0.40199393	-0.5908243	-0.6962098	0.5170505
0.032128192	-0.019327253	0.0070915013	0.08008183	-0.13574116	-0.071380086	-0.035757203	0.056125153
1.137818	1.1625636	-1.2260064	-1.7727348	0.9125132	1.3773733	1.6926242	-1.4729012
-1.4646922	-1.4626539	1.4843218	2.0890715	-0.9785767	-1.5190971	-2.2170188	1.2679322
0.49396425	0.56237805	-0.4749404	-0.70668155	0.30492565	0.53464025	0.7403708	-0.5368576
1.2145284	1.1763602	-1.216391	-1.7935137	1.0727149	1.3197597	1.7195492	-1.3387305
-0.18218812	-0.15678361	0.07865196	0.21004574	-0.20973025	-0.17084333	-0.16946715	0.15038924
0.0024512322	0.018841622	-0.031066805	-0.016129965	-0.11075525	0.019700808	0.059504148	-0.061867535
-0.65857655	-0.7278983	0.6830586	1.0346295	-0.58789366	-0.7451479	-1.0350798	0.66258425
-0.53777856	-0.5618754	0.5728437	0.7368052	-0.3682304	-0.6299969	-0.73983216	0.4618726
-0.0922113	-0.06928339	0.044178043	0.117278844	-0.14301388	-0.088961855	-0.021551134	0.024096373
0.18541877	0.15879644	-0.2140845	-0.226039	0.11908893	0.20279779	0.29701096	-0.21996675
-1.0878224	-1.1305751	1.0871857	1.6168321	-0.8534988	-1.1963018	-1.5840595	1.1193618
0.98337007	0.9750273	-0.9632083	-1.4148606	0.774496	1.116328	1.4455291	-1.0441247
-0.17085612	-0.124055125	0.13551605	0.22913255	-0.16341859	-0.12834075	-0.18560174	0.13605095
-1.6502911	-1.7293831	1.7680744	2.328441	-1.229707	-1.7772878	-2.4947171	1.5888648
-0.62382555	-0.6444497	0.56838036	0.91412944	-0.5937051	-0.68156564	-0.85226834	0.58214116
-1.5444285	-1.6065975	1.5839562	2.295357	-0.50394475	-1.6998031	-2.347609	0.82649356
0.075326316	0.08937628	-0.10938522	-0.1363257	0.026487626	0.07723027	0.14361583	-0.09164884
1.079121	1.1109463	-1.0576718	-1.5672498	0.87575704	1.2062626	1.5841954	-1.2192754
0.022247018	0.022565555	-0.016621534	0.05652168	-0.09674544	0.0012794386	-0.029543502	-0.08444456
-0.054189898	-0.108678	0.01617157	0.11667748	-0.15816236	-0.11095697	-0.07769485	0.050734565
2.0747259	2.1184316	-2.112618	-3.1743643	2.1630492	2.4685552	3.053605	-2.4774895
0.39060393	0.4823705	-0.448812	-0.54293555	0.27212077	0.41459808	0.6352157	-0.49815854
-0.9220946	-1.0106297	0.9420843	1.3852987	-0.72175336	-1.0589577	-1.3758196	0.9543795
0.07830107	0.084298834	-0.092501976	-0.115501046	-0.07551488	0.08270227	0.04595831	-0.017534463
-1.8471298	-1.9445024	1.8759891	2.863304	-1.3485008	-2.074274	-2.8023007	1.6968037
-0.09522593	-0.12059079	0.082619965	0.2179018	-0.18320829	-0.12023706	-0.20140159	0.10436172
0.026516574	0.06612253	-0.058200225	-0.049330916	-0.054143634	-0.020146357	0.05982991	-0.08632591
0.3063849	0.3364112	-0.43201992	-0.5598431	0.16070995	0.40443668	0.5736116	-0.3905566
-1.6264741	-1.7850976	1.7725146	2.41876	-1.0737333	-1.9266727	-2.6217222	1.566445
0.43717384	0.39272186	-0.42968443	-0.5903966	0.2712376	0.43852827	0.62533736	-0.51943094
-0.10627595	-0.18530859	0.11630635	0.19517711	-0.1651389	-0.181631	-0.23065424	0.16701244
0.05246043	0.09713449	-0.060746375	-0.12615503	-0.09422967	0.06994163	0.12879167	-0.016576966
-0.28243285	-0.30614546	0.23872912	0.32867506	-0.22242416	-0.32465118	-0.34747943	0.26793143
0.97058904	0.97015935	-0.9076993	-1.4186374	0.8033865	1.0607005	1.308072	-1.0864196
-0.7043041	-0.78338724	0.6692236	1.0152049	-0.57279265	-0.7554846	-1.0202826	0.74410045
0.24115518	0.23309676	-0.23723678	-0.25292963	0.12177171	0.20549247	0.32241902	-0.29813617
-1.5771046	-1.7477257	1.6589578	2.392494	-1.1660444	-1.7844993	-2.4682999	1.6332092
0.1907474	0.20339638	-0.21990712	-0.32328254	0.018018309	0.21555576	0.32682827	-0.28335854
0.906522	0.92563134	-0.9035032	-1.3831236	0.7879659	1.0587562	1.3189199	-1.0447656
0.8345881	0.83231664	-0.8058083	-1.1787131	0.6284776	0.98434407	1.22323	-0.8954194
0.6140787	0.63752455	-0.6828779	-0.9487199	0.41089964	0.6781118	0.9285092	-0.7746816
0.41399032	0.44129893	-0.49911913	-0.659073	0.3250913	0.5132474	0.61780226	-0.48923817
-0.617672	-0.657729	0.6432207	0.9078556	-0.5765584	-0.7430575	-1.0110222	0.6044602
-0.293962	-0.31574082	0.22185436	0.40108544	-0.33088633	-0.32429665	-0.33633742	0.28850642
0.6671439	0.78216404	-0.7968616	-1.0098175	0.41695702	0.8058062	1.0909083	-0.7477154
-1.4161364	-1.510609	1.4944974	2.185077	-0.97895604	-1.541968	-2.1955478	1.2100347
1.384559	1.462552	-1.4608041	-2.1453938	1.2130367	1.6357577	2.0792205	-1.6299373
1.6159282	1.5995522	-1.5623796	-2.385897	1.5156066	1.7983825	2.335225	-1.8766564
-0.4887537	-0.53420573	0.46719238	0.7754166	-0.5082243	-0.61830246	-0.6995746	0.50442266
0.0361797	0.026444279	-0.12153356	-0.060835138	-0.069744505	0.023063349	0.09680575	-0.08359765
0.2523703	0.26991662	-0.21966901	-0.29558578	0.11366769	0.18712935	0.28440326	-0.27774408
-0.10639765	-0.0901121	0.08717164	0.13275763	-0.10665203	-0.08419276	-0.06934924	0.062650815
-0.9269276	-0.9236776	0.85413426	1.3630444	-0.7343382	-1.038066	-1.2732493	0.8747105
1.0695314	1.0852784	-1.1048845	-1.5778674	0.9660888	1.173944	1.5310677	-1.2481041
-0.101514354	-0.06529685	0.07519366	0.16739945	-0.14277384	-0.16510805	-0.13874044	0.042360157
0.08963613	0.10188439	-0.15046191	-0.16448113	-0.03397003	0.14984038	0.14786781	-0.13523929
-0.3091306	-0.27497607	0.3267639	0.48627147	-0.32798785	-0.3748862	-0.43132842	0.32798696
0.6035693	0.6055576	-0.6289529	-0.8350868	0.24704497	0.53888416	0.7913152	-0.63442755
-1.4906067	-1.5085263	1.5817966	2.2203817	-0.9534248	-1.6196045	-2.2713058	1.3802278
0.61369383	0.6613189	-0.67821836	-0.9133771	0.6697253	0.7522829	0.9416769	-0.7637933
0.6406662	0.6304094	-0.63057435	-0.89480674	0.41920683	0.6717962	0.81430566	-0.6069802
-1.4217845	-1.5739425	1.4372756	2.086001	-0.91909975	-1.6925083	-2.169145	1.3173739
0.46684	0.46389034	-0.53475744	-0.7143272	0.31696066	0.47858444	0.6494891	-0.5481677
0.42429072	0.50595653	-0.4879116	-0.61820173	0.23425989	0.45109317	0.6891929	-0.491138
-0.64186734	-0.6229943	0.6541122	0.94673556	-0.51204467	-0.6952597	-0.91978014	0.6420912
0.5032317	0.51971155	-0.5240224	-0.7405345	0.41722777	0.60075736	0.8004229	-0.5663024
-0.75657964	-0.801636	0.743377	1.1615218	-0.68702877	-0.8836609	-1.0880055	0.75392157
1.365615	1.3964704	-1.3936183	-2.0314054	1.462489	1.5946338	2.0303903	-1.7587886
0.82792574	0.8692361	-0.80311686	-1.2114049	0.645621	0.90844023	1.19115	-0.917433
-0.6023831	-0.6129701	0.6351785	0.92978436	-0.6308768	-0.71382356	-0.8757557	0.64822805
-0.93790555	-0.9624529	0.93246615	1.3151416	-0.77214664	-1.018098	-1.3864287	0.9351872
-0.38311315	-0.3988375	0.38328698	0.5900763	-0.3264184	-0.3915983	-0.56581444	0.3791294
0.5403456	0.5369122	-0.50000733	-0.78488046	0.40583926	0.5773307	0.71125436	-0.55739367
0.46492374	0.39451525	-0.5049981	-0.66380775	0.2953149	0.46606666	0.65114075	-0.5259784
-0.7301271	-0.7263523	0.74234587	1.0056162	-0.5050036	-0.79820496	-1.0777174	0.63207227
0.23872909	0.23769855	-0.3290446	-0.32167628	0.04468967	0.1726861	0.37528458	-0.33331096
-0.35812318	-0.39289534	0.36517787	0.5374005	-0.378851	-0.4597051	-0.5449149	0.40545607
-1.262484	-1.3301579	1.301546	1.9846262	-0.7703491	-1.3995597	-1.8553096	1.04904
1.3256118	1.3372533	-1.3492582	-2.001763	1.4169769	1.5752764	1.8942198	-1.7187278
-0.46583754	-0.48400733	0.46264583	0.707313	-0.38812783	-0.48732415	-0.6583606	0.4529404
0.3115069	0.3314394	-0.33168796	-0.42306542	0.15629257	0.29576162	0.41905466	-0.34879372
0.72933036	0.7650284	-0.78137416	-1.1598655	0.7919204	0.8542377	1.1090447	-0.8828987
0.18331978	0.25243556	-0.2621636	-0.32872838	0.08434459	0.23709604	0.32185388	-0.19542876
-0.8263005	-0.8812307	0.9029129	1.2424694	-0.6544323	-0.9628105	-1.2682964	0.83079743
-1.2299383	-1.2273041	1.3379538	1.9448991	-0.716635	-1.4066817	-1.8050784	1.0853319
-0.5079851	-0.5614889	0.4780623	0.75360644	-0.4693082	-0.6083955	-0.7958999	0.5375504
0.43314728	0.36238444	-0.40681875	-0.5495933	0.2581103	0.48750213	0.5908495	-0.47298843
0.7906218	0.8746774	-0.8506752	-1.1391319	0.6863266	0.96401	1.1344709	-0.9108074
-0.07205461	-0.05126742	0.060146946	0.074062094	-0.18188277	-0.1261916	-0.061287224	0.07091826
-0.15843713	-0.11794699	0.1197978	0.2275646	-0.12842374	-0.12927389	-0.24512637	0.11204589
-0.037175417	-0.056782365	0.05827838	0.10524206	-0.08548246	-0.07049539	-0.106447235	0.062379282
-0.93205243	-1.0086825	0.94697165	1.3857532	-0.62198716	-1.0405873	-1.3553816	0.7902057
0.16257712	0.12749237	-0.18256971	-0.23046084	0.0036826725	0.1690172	0.24332498	-0.14895003
0.04418162	-0.019943403	0.016367966	0.03303915	-0.011022978	0.015119801	0.066148475	-0.054905843
-0.96817815	-1.0129646	0.8927145	1.3899317	-0.87031555	-1.0636795	-1.3685466	0.9475672
0.08995049	0.065430485	-0.07227069	-0.15715085	0.05014282	0.1241606	0.12580128	-0.08744812
-0.6100742	-0.63853943	0.6262896	0.942464	-0.492816	-0.6717644	-0.93650264	0.56849885
0.2307866	0.24933785	-0.16852602	-0.34872314	0.20101789	0.20681113	0.29920483	-0.3380579
-0.25208387	-0.2238734	0.1625923	0.26193047	-0.25157747	-0.27470776	-0.30555868	0.24294865
-1.0093516	-1.1217676	1.107764	1.4355521	-0.6876127	-1.1146747	-1.4572237	0.94706917
0.64115185	0.7201749	-0.7334702	-1.0054845	0.55883104	0.7570566	1.0162648	-0.7320244
0.5992632	0.62692195	-0.5397927	-0.88437915	0.4246937	0.6638803	0.87938625	-0.64245534
-0.7023693	-0.6912334	0.6616009	1.0368377	-0.67949444	-0.7897898	-1.0554342	0.71570784
-0.08800147	-0.023062576	0.03949233	0.088656135	-0.10753594	-0.079316154	-0.05293388	0.089598395
-1.2649888	-1.3321469	1.3179435	1.9095508	-0.82473314	-1.4045368	-1.9508579	1.049218
0.12609653	0.104236715	-0.14361739	-0.14517832	0.03168302	0.12686495	0.13270575	-0.09350305
-0.025551053	-0.02938206	0.014189991	0.10097252	-0.091010325	-0.07348245	-0.11399171	0.103321046
-1.3259574	-1.4568369	1.3701706	2.156798	-0.8925862	-1.5950693	-2.098886	1.1632082
-0.25187477	-0.21080622	0.15764129	0.31344548	-0.3129953	-0.3195908	-0.38243443	0.30616802
0.43497363	0.39435035	-0.47140017	-0.6347533	0.29575095	0.47392932	0.5775036	-0.4510927
0.22521682	0.2185083	-0.24976096	-0.35303637	0.13548921	0.21638797	0.294102	-0.23457825
1.0543549	1.0472074	-1.0160213	-1.5615957	0.991186	1.2489364	1.5316131	-1.2605703
0.3030764	0.35452226	-0.3575672	-0.4320372	0.16586012	0.35021922	0.5251065	-0.314289
-1.2666305	-1.3004278	1.2971328	1.820663	-0.9616588	-1.3724165	-1.8103809	1.2527323
0.021990469	0.011932244	0.047549576	-0.00048801696	-0.04090485	-0.012404674	-0.034777068	0.03970197
-0.38859487	-0.37611336	0.36699972	0.52652746	-0.33509615	-0.45394993	-0.5311303	0.3750068
-0.8063472	-0.7695164	0.7424314	1.1858301	-0.7822971	-0.95155984	-1.0707066	0.7547317
0.1363816	0.12109251	-0.10259294	-0.15316202	0.06310254	0.093230724	0.12564106	-0.21388258
0.16252321	0.1357011	-0.15006682	-0.2556351	0.035012715	0.14762107	0.21195374	-0.14388184
-0.661267	-0.64507765	0.6757898	0.8674088	-0.44306633	-0.6839128	-0.8853537	0.5798727
0.4094689	0.39476192	-0.39391083	-0.5887592	0.3060854	0.3930093	0.5100415	-0.36101386
-0.17304678	-0.18205236	0.13693719	0.25774896	-0.11538443	-0.13073412	-0.22112602	0.1564647
0.17435528	0.1793676	-0.17972977	-0.2993184	0.1653591	0.17836213	0.22631313	-0.25776017
0.7450752	0.7495912	-0.75193286	-1.0534198	0.6622697	0.8136871	1.0841545	-0.90747994
-0.30360135	-0.3208683	0.32392752	0.43863648	-0.34500936	-0.32320973	-0.47964326	0.34543446
-0.5481568	-0.5652037	0.56484085	0.69813806	-0.40751222	-0.55980814	-0.7672571	0.53506684
-0.95604277	-0.94923097	0.9950455	1.3882487	-0.7009827	-1.079019	-1.3740122	0.8855828
0.42550963	0.3957553	-0.42494172	-0.57340115	0.27687985	0.41897392	0.5102889	-0.36479014
-0.0030440702	-0.0416246	-0.0037603404	0.0062406454	-0.06859391	0.0023435415	-0.043098614	-0.055564445
0.11307442	0.123768255	-0.078171186	-0.15611015	-0.03316076	0.038089268	0.09179105	-0.063719876
0.37346637	0.46245444	-0.4915487	-0.5947345	0.27807388	0.4573231	0.66084105	-0.4878087
0.8484471	0.935178	-0.8677417	-1.2699263	0.72595966	1.0217975	1.3106983	-1.0810759
0.16901569	0.2040562	-0.2182902	-0.25080347	0.020614767	0.18464833	0.23472941	-0.20421858
-0.18616109	-0.19017816	0.1918447	0.31286016	-0.29171133	-0.22661953	-0.32462007	0.28548673
0.15205866	0.14663462	-0.11205726	-0.19009095	0.038124714	0.110759735	0.19548889	-0.25952855
0.20185237	0.20745796	-0.18711895	-0.29548517	0.05507208	0.20452107	0.23717123	-0.19046453
-0.2740738	-0.3750132	0.29222754	0.45248985	-0.33867666	-0.353069	-0.50784683	0.33716932
-0.26907998	-0.3716491	0.2966699	0.42230216	-0.35511094	-0.35934797	-0.4453331	0.27930284
0.85162157	0.83878344	-0.8225791	-1.3482453	0.872361	1.04967	1.2707707	-1.0480816
0.16078682	0.1366556	-0.14368051	-0.17862579	-0.016759815	0.09968854	0.14510567	-0.100705944
0.55274665	0.57523954	-0.634017	-0.83138424	0.55836076	0.6344344	0.8351165	-0.7105772
0.62698036	0.6255898	-0.5926648	-0.92646503	0.64874923	0.71926916	0.95786494	-0.8155346
-0.5583513	-0.5302028	0.5622026	0.7470215	-0.40196025	-0.5831073	-0.8083375	0.5189922
-0.06265259	-0.074174814	0.11712478	0.09543555	-0.09752614	-0.07014334	-0.060853694	0.13121046
-0.07879342	-0.09721052	0.10616796	0.2328039	-0.26881453	-0.16416378	-0.20252596	0.12913206
-0.9477767	-1.0203441	0.94107395	1.3580844	-0.64071476	-1.0340493	-1.308288	0.7823006
0.18483812	0.17101996	-0.2446902	-0.35155597	0.059795346	0.20888428	0.34252542	-0.20620184
1.1064442	1.1278324	-1.1254765	-1.6958413	1.2032464	1.3411645	1.5558498	-1.3248503
0.70735914	0.67461574	-0.64044344	-0.99053746	0.5816406	0.7935041	0.90279704	-0.7865562
-0.16681509	-0.1271768	0.1909508	0.25939536	-0.11127227	-0.1719206	-0.25208828	0.123643145
0.03875893	0.07492126	-0.11801854	-0.12918757	-0.042721912	0.080006644	0.10868298	-0.10878761
-0.32522973	-0.34127593	0.28751013	0.4644495	-0.31219178	-0.3827744	-0.38625458	0.3605516
-0.3987427	-0.43048993	0.41381228	0.6260265	-0.37656847	-0.4758075	-0.57835114	0.39329815
0.7135632	0.7686412	-0.7824989	-1.1288412	0.6054177	0.8658883	1.1518147	-0.99493355
-0.31228137	-0.28217125	0.30076948	0.41035384	-0.22840855	-0.40781748	-0.4512091	0.3263529
-0.24992496	-0.1826676	0.18424433	0.27903458	-0.20441858	-0.27297232	-0.2764615	0.23709348
0.71886206	0.8353362	-0.75744534	-1.1046132	0.66169804	0.86330265	1.0978059	-0.84386444
-0.2867328	-0.25213575	0.32480857	0.36288723	-0.28880686	-0.36979696	-0.43070784	0.2746316
-0.6220975	-0.6011657	0.6828813	0.83897936	-0.33015507	-0.6387623	-0.8874261	0.4884948
-0.36789143	-0.440163	0.37043193	0.57219076	-0.49488017	-0.5314721	-0.58662045	0.40520284
-0.4523314	-0.44324648	0.44615328	0.61953974	-0.18123247	-0.41072112	-0.6177912	0.27528152
0.6157779	0.67336464	-0.5989843	-0.8404407	0.5662626	0.6621701	0.8730067	-0.7429187
0.041482404	0.12240535	-0.12753691	-0.110174075	-0.03780865	0.039019983	0.12912591	-0.056895316
-0.17029876	-0.15632449	0.13038056	0.23846841	-0.1857985	-0.22445378	-0.20505911	0.17564617
-0.5411976	-0.5685255	0.5192447	0.7495278	-0.47067136	-0.65527004	-0.8072547	0.5271808
-0.96328276	-0.96049666	0.9838275	1.4308054	-0.85921866	-1.0590916	-1.4457623	1.1526521
-0.50181824	-0.56755775	0.5099384	0.7223271	-0.4336448	-0.5840579	-0.74020946	0.49155477
0.8599276	0.9069091	-0.8069046	-1.1980836	0.78436524	0.98957855	1.267754	-1.0260947
-0.6266304	-0.59701705	0.6284581	0.83004475	-0.4561588	-0.68542475	-0.88406163	0.7290326
-0.1755141	-0.13740203	0.1625483	0.27314207	-0.24128716	-0.1692594	-0.21088035	0.20024903
-0.45277515	-0.48800373	0.45181867	0.63244456	-0.39628688	-0.5151171	-0.69889444	0.44214025
-0.7332549	-0.81681967	0.8036333	1.1742827	-0.5741739	-0.87031704	-1.1299655	0.66471195
0.19873458	0.2337056	-0.23919645	-0.3486854	0.21718329	0.23599222	0.35295948	-0.40612563
-1.276073	-1.3308674	1.2956046	1.9729774	-0.77722174	-1.3432199	-1.9311942	0.8976645
0.31429413	0.28391102	-0.31456256	-0.3920869	0.17206718	0.2708664	0.38404158	-0.27923882
-0.68393755	-0.6336393	0.58777773	0.95335233	-0.57592094	-0.7933807	-0.9619029	0.7106346
-0.0370513	0.010806023	-0.030745586	0.038475577	-0.10154413	-0.051074974	-0.03777938	-0.027184302
0.3441815	0.2816681	-0.3404367	-0.43448308	0.23291545	0.32471326	0.48543167	-0.32537335
0.4518593	0.40027747	-0.47832233	-0.66804504	0.3238407	0.42362356	0.5967002	-0.52354974
0.3317395	0.38113976	-0.30449915	-0.466042	0.2946404	0.42408752	0.55186397	-0.36485678
-0.2679485	-0.31954375	0.2988039	0.49404314	-0.4026304	-0.37398386	-0.45283285	0.34021243
0.6412016	0.64273524	-0.5699241	-0.8676928	0.53358704	0.6668402	0.8568359	-0.684874
0.15860854	0.19527045	-0.22762345	-0.3093851	0.09077799	0.21345118	0.35328862	-0.25757736
0.69138294	0.65264195	-0.71095425	-1.0431296	0.6236008	0.80314785	0.9815241	-0.8233492
0.1524864	0.17422761	-0.16726795	-0.3026766	0.13814788	0.26088396	0.30532876	-0.18424612
0.023479046	0.0017788644	-0.034264635	-0.051308356	-0.019165032	-0.01387357	0.02138477	-0.14188835
-0.41471234	-0.40964195	0.41015375	0.5822265	-0.30377275	-0.45468473	-0.5751756	0.4002583
0.19421834	0.18129511	-0.17089635	-0.2665022	0.14392099	0.22401877	0.26906157	-0.18482983
-0.24727768	-0.20062158	0.14682868	0.28551117	-0.3527357	-0.25493965	-0.2665801	0.31814566
0.12532535	0.14170365	-0.12550646	-0.17290823	0.020363886	0.07151733	0.15844537	-0.12177127
-0.95873463	-0.9745252	0.9821731	1.4672859	-0.8299009	-1.0619931	-1.3585458	0.9735903
-0.046924915	0.016661862	-0.0034685999	0.046656743	-0.077370524	0.0063588754	-0.006450098	-0.019229855
-0.06927042	-0.10583718	-0.016847597	0.044479698	-0.058332805	-0.13205586	-0.101374626	-0.042007644
0.15124868	0.18245925	-0.15430248	-0.31401837	0.14046039	0.19855954	0.28378275	-0.2060487
-0.8987264	-0.95744175	0.86082184	1.2909404	-0.7744053	-0.95358086	-1.2692221	0.8786558
0.41232356	0.42654756	-0.43083587	-0.5448874	0.31236532	0.3896281	0.5150978	-0.4184229
-0.8264439	-0.8315886	0.7306736	1.2382667	-0.7478113	-0.8815349	-1.1149849	0.8357684
-0.4436408	-0.45025483	0.4196276	0.6130353	-0.5427678	-0.50400585	-0.64042526	0.49021247
0.6714363	0.76041836	-0.6632582	-1.0819777	0.64681107	0.817069	1.0102067	-0.7911177
0.12409948	0.13537647	-0.13298132	-0.11764276	-0.038511228	0.13203876	0.21589288	-0.1273775
0.8364663	0.7974958	-0.8439372	-1.2714268	0.6526383	0.93627983	1.138448	-1.0777138
-0.06611398	-0.041169304	0.10484346	0.15010819	-0.10039691	-0.078814246	-0.120236605	0.08762121
0.2980897	0.27663308	-0.24182734	-0.35869047	0.20445812	0.328972	0.4274821	-0.31986272
0.44950065	0.48146993	-0.4375336	-0.6212143	0.40453547	0.54008365	0.6981983	-0.5720892
-0.050333988	-0.034817744	0.030785445	0.08316534	-0.08172125	-0.027638318	0.0017130724	0.024315367
-0.5357796	-0.58441746	0.6180533	0.82114834	-0.35179836	-0.61470705	-0.8024631	0.4999496
-1.2528005	-1.2924674	1.3006546	1.8303527	-0.860678	-1.3610454	-1.7321264	1.0425506
-0.43547156	-0.43102717	0.35318348	0.61733866	-0.40643194	-0.44454953	-0.5427835	0.5073373
0.17310879	0.11362643	-0.14871816	-0.21894422	0.07855652	0.1219373	0.19289167	-0.12275697
0.8890696	0.91223675	-0.92244315	-1.3359466	0.8963785	1.0193026	1.3109378	-1.1010182
0.17799577	0.22838098	-0.21192424	-0.3654802	0.17933045	0.24467938	0.30346045	-0.2533144
-1.1565607	-1.1920383	1.2377768	1.801074	-0.929267	-1.2216378	-1.7984818	1.1334543
-0.054509364	-0.022349024	-0.006149242	-0.011193115	-0.07297655	-0.047050986	-0.01928244	0.03169603
-0.8260106	-0.7837362	0.85634893	1.2216303	-0.5682152	-0.810258	-1.1500028	0.71424145
0.66386986	0.6275025	-0.6682904	-0.9000793	0.6256513	0.6899378	0.93505937	-0.7061416
0.029278148	-0.02460423	-0.01866228	-0.01794218	-0.089202784	0.025096081	-0.008616544	-0.028281465
0.20815395	0.20137501	-0.19526461	-0.25463176	0.0036303136	0.20101173	0.220318	-0.14418623
0.07775939	0.12724754	-0.06963059	-0.14633733	-0.023404641	0.02168558	0.1313371	-0.10116187
1.0503603	1.1245245	-1.0971863	-1.5670246	1.2455646	1.2462748	1.5632792	-1.313601
0.5671194	0.6016607	-0.5573463	-0.8698839	0.51522094	0.6377927	0.81941295	-0.622332
0.010783453	0.036583643	0.02130119	-0.01714478	-0.02686759	-0.051033147	-0.012487016	-0.014466405
-0.5854043	-0.66468495	0.59901214	0.88419986	-0.45242834	-0.6954521	-0.87010133	0.56979656
-0.19766171	-0.20522861	0.1581799	0.3060237	-0.21460089	-0.2805991	-0.30453807	0.16827694
0.38633657	0.39347762	-0.36019853	-0.6011981	0.37454274	0.43091294	0.5331192	-0.45583138
-0.6792194	-0.7226202	0.708631	1.0815829	-0.5611013	-0.80045515	-1.0556209	0.7315596
-0.2672321	-0.28790706	0.25554118	0.40840322	-0.19256806	-0.37000456	-0.47004664	0.31522343
-0.45039317	-0.4609779	0.4019137	0.65362495	-0.349645	-0.46949077	-0.5767056	0.42083466
-0.11816694	-0.11336039	0.102408305	0.21389224	-0.14509757	-0.14544713	-0.1598126	0.09070155
0.60308015	0.64216554	-0.6371113	-0.9785792	0.51689357	0.7258616	0.9387962	-0.74893624
0.9688457	0.9589825	-0.92150974	-1.4714736	0.91832244	1.171586	1.4009527	-1.0719197
-0.4338728	-0.4936842	0.4046291	0.6381443	-0.40134916	-0.5162415	-0.60865545	0.45676112
0.16510311	0.17999357	-0.13695206	-0.24400905	0.086667545	0.17834258	0.16652796	-0.21159203
-0.026288895	-0.036846794	-0.040672846	0.015772643	-0.05670965	-0.038654864	-0.055905987	-0.04091751
-0.30901867	-0.28417495	0.26459774	0.4069282	-0.30899513	-0.37418273	-0.41291305	0.31222743
-0.6340036	-0.6454397	0.6732656	0.9960628	-0.5101515	-0.66625106	-0.9612128	0.6337473
0.040082205	-0.0051033073	0.01357885	0.049241103	-0.051747944	-0.043537553	-0.040294416	-0.032931227
-0.21204454	-0.22142659	0.18531464	0.22970706	-0.20405881	-0.22382604	-0.30731937	0.09433206
0.4411571	0.48037508	-0.38691467	-0.64371353	0.25675398	0.50403404	0.5861499	-0.39209402
-0.3755936	-0.37554094	0.3752238	0.6088129	-0.39156926	-0.44792962	-0.63220054	0.44360843
-0.31507277	-0.34152088	0.38762054	0.4645247	-0.24356622	-0.36575067	-0.551782	0.3661878
-0.3212919	-0.34799007	0.33390754	0.45298222	-0.21683255	-0.3473519	-0.41255793	0.2803841
0.3036551	0.3252079	-0.30112162	-0.39605165	0.24420957	0.32597864	0.47470036	-0.3416075
0.17837828	0.2129351	-0.16401413	-0.24097201	0.13710886	0.29124594	0.26375228	-0.26461357
-0.29598746	-0.3363829	0.33652627	0.53534544	-0.43452504	-0.38986334	-0.51105845	0.43487224
-0.53567356	-0.61340827	0.6341447	0.90979457	-0.4536107	-0.6562533	-0.88866806	0.5975295
-1.0587554	-1.1151376	1.1075894	1.5745916	-0.76133317	-1.1951609	-1.6039015	1.1013324
-0.30895224	-0.2678809	0.26881546	0.4543626	-0.21607429	-0.30697927	-0.40320054	0.2891664
-0.03614012	-0.04230567	-0.0098872455	0.022188155	-0.11594937	-0.017266836	-0.032950576	0.041239448
-0.2588132	-0.34002298	0.25876123	0.5054906	-0.30259678	-0.35410804	-0.47333005	0.37829405
-0.09325529	-0.17904118	0.17302431	0.24822544	-0.25931433	-0.19951335	-0.2106832	0.17357707
-0.8522396	-0.8950516	0.96488005	1.4080966	-0.12333046	-0.92245924	-1.3212109	0.36376578
-0.16117078	-0.15407541	0.17465238	0.17884086	-0.018380698	-0.10890815	-0.16027948	0.020290164
0.068366215	0.014581206	-0.074750796	-0.037910506	-0.1504418	0.03887616	0.048575252	-0.06254031
0.57479364	0.6852205	-0.64743197	-0.9215918	0.4835841	0.7162349	0.91234624	-0.8058027
-0.35092023	-0.31090456	0.292409	0.43367356	-0.28707114	-0.3410348	-0.4427861	0.38180995
0.7831174	0.87907034	-0.84893113	-1.1763989	0.6923899	0.94248617	1.1978211	-0.89480513
0.8333722	0.8678548	-0.9017775	-1.3425376	0.9650587	0.9985519	1.2111243	-1.0829607
0.36674285	0.3548174	-0.39560226	-0.50622207	0.32221586	0.33055156	0.52507055	-0.5003223
0.5129487	0.4736399	-0.4936185	-0.68499506	0.38591376	0.49011427	0.63487726	-0.54327255
0.3831212	0.43886432	-0.39069003	-0.57331634	0.21871586	0.45177406	0.58198744	-0.4318482
0.03286028	0.043819044	-0.11239113	-0.109896526	0.02163005	0.049035743	0.064567655	-0.022384934
-0.21783134	-0.19154415	0.15526107	0.30963543	-0.20112227	-0.20304054	-0.33169675	0.18493715
-0.1784352	-0.21860592	0.13049977	0.344692	-0.32384774	-0.2247774	-0.32416394	0.24195668
-0.1561975	-0.15588117	0.19668679	0.22350124	-0.18061262	-0.18916185	-0.22646506	0.1902669
-0.14879884	-0.15147363	0.18317832	0.2688635	-0.19155425	-0.2065874	-0.29029858	0.20036936
0.21859486	0.25380194	-0.25419798	-0.34863997	0.20075868	0.30044168	0.37520632	-0.26080102
0.04573104	0.002633149	-0.11173467	-0.071293995	-0.054490585	0.05598087	0.084170125	-0.046389386
0.13335562	0.23409468	-0.17762943	-0.25241634	0.06285426	0.15189391	0.27346742	-0.23517694
1.0777806	1.1012063	-1.0681909	-1.5538118	1.0774859	1.2735051	1.5030457	-1.2803814
-0.49282625	-0.4646427	0.44515783	0.76220644	-0.39050397	-0.5488061	-0.6840967	0.46249807
0.6679381	0.6835125	-0.6545909	-1.0079116	0.68601364	0.7753368	1.0093391	-0.77069515
0.6180419	0.6669691	-0.70501286	-0.98325115	0.52321887	0.72340685	0.98402137	-0.6677148
0.064401284	0.048650324	-0.11903697	-0.10658166	0.012603991	0.06533191	0.13355838	-0.11191919
0.37336484	0.37286	-0.40758356	-0.5071006	0.24887195	0.3923115	0.47915858	-0.41206992
0.3852568	0.3228002	-0.38681385	-0.48714578	0.27227032	0.35325247	0.55350626	-0.3736461
0.47968873	0.47472614	-0.48749962	-0.62795633	0.3042961	0.41480738	0.5814421	-0.54769105
0.0054382873	0.08219052	-0.032346502	-0.085712284	0.10344179	0.0762269	0.12685977	-0.09658188
-0.015946062	-0.06778335	0.05178238	0.06939775	-0.21953383	-0.014113703	-0.07742942	0.09602565
0.19188803	0.20512307	-0.23492691	-0.30124044	0.080067866	0.25125018	0.33937794	-0.26342577
0.24467328	0.24930437	-0.2635597	-0.30084097	0.12700234	0.26408514	0.29925084	-0.24354893
0.34988403	0.3688413	-0.29162085	-0.5142851	0.2939528	0.4068043	0.4506413	-0.30709812
-0.2860656	-0.27148587	0.21714649	0.3801379	-0.33269936	-0.28362513	-0.35825607	0.2815043
0.67408985	0.7190201	-0.69242054	-1.0737547	0.67279464	0.8344699	0.983791	-0.87916297
0.84952354	0.94222707	-0.94199985	-1.2714312	0.8693797	1.0646788	1.2863166	-1.0033456
0.15595011	0.14098996	-0.17549413	-0.18825297	0.095127106	0.115295246	0.25074628	-0.16125172
0.16435501	0.14961684	-0.14840433	-0.20038581	0.07049281	0.16789332	0.20756781	-0.14959177
0.4957542	0.5484353	-0.5636351	-0.73920405	0.4109914	0.59390044	0.78857315	-0.5169511
0.6008039	0.6991949	-0.60844463	-0.93923116	0.53805465	0.71771276	0.86420435	-0.68526196
0.28983536	0.30609393	-0.33391112	-0.43944234	0.26380473	0.40092504	0.45124978	-0.29451331
-0.62326425	-0.65974176	0.63321936	0.9666122	-0.6010091	-0.7179737	-0.8688665	0.7554097
-0.6164642	-0.69669235	0.70744187	0.99093324	-0.57547444	-0.77945507	-0.9670816	0.7058465
0.19359714	0.12790786	-0.17076	-0.22280122	0.08477014	0.1920732	0.2358708	-0.12869217
-0.29882804	-0.3202157	0.2958548	0.3936353	-0.26220554	-0.30511063	-0.40644315	0.3104734
0.47408742	0.5230066	-0.49190065	-0.6987065	0.34478417	0.50887215	0.63572997	-0.45067358
0.24380687	0.2642311	-0.21827546	-0.39742118	0.11003904	0.27119288	0.30442777	-0.25934717
0.10780337	0.09734919	-0.12228803	-0.23663267	0.0003681245	0.11943057	0.23816527	-0.19017655
-0.16423997	-0.14674178	0.17773852	0.31399208	-0.13193554	-0.19508308	-0.28136253	0.17927413
-0.6739401	-0.6769947	0.6663597	0.9697797	-0.5672725	-0.77558404	-0.950911	0.69662017
-0.6719601	-0.83400506	0.72114766	1.1761842	-0.38310242	-0.9926242	-1.1288962	0.55895233
-0.14093253	-0.11200709	0.070875935	0.16581422	-0.083039634	-0.12731595	-0.107706636	0.1015039
0.31558812	0.41106164	-0.33272672	-0.576596	0.27467212	0.3547046	0.4551136	-0.3962015
-0.68014777	-0.7039842	0.6578159	0.9975924	-0.46064618	-0.74287534	-1.0145315	0.70206076
-0.015431609	-0.0641748	0.0069175456	0.07646107	-0.1359907	-0.020243332	-0.024332538	0.109050445
0.11444685	0.08952997	-0.0870779	-0.098297656	0.061898068	0.046391036	0.14706242	-0.16252612
0.47647208	0.54991084	-0.5011936	-0.7392579	0.38851914	0.5204852	0.7493226	-0.58060175
-0.3794037	-0.39747807	0.414407	0.60717136	-0.3195687	-0.46480635	-0.52155906	0.38794762
-0.48963016	-0.47427318	0.4835038	0.66125774	-0.3882561	-0.51782435	-0.6800028	0.5340886
0.78929675	0.8182606	-0.80418354	-1.1700708	0.7717079	0.8851042	1.1165034	-0.87443984
-0.9198181	-0.92790705	0.8994757	1.4016352	-0.6051987	-1.0660487	-1.4442793	0.9225836
-0.20041892	-0.21275179	0.18590584	0.3176562	-0.2779871	-0.27676007	-0.3021427	0.21188472
-0.017674407	-0.042490046	0.09393105	0.070533976	-0.17486839	-0.060218055	-0.13545348	0.08709247
0.08365722	0.1190971	-0.09301212	-0.124505185	0.032109976	0.081422485	0.1009274	-0.15494639
-0.10825504	-0.09587781	0.110629424	0.18948545	-0.14655422	-0.13120963	-0.18134804	0.13214363
-0.4328413	-0.44147822	0.47001222	0.62167346	-0.18620521	-0.45393252	-0.60122925	0.44164026
0.08346445	0.06440761	-0.061492763	-0.049348906	-0.044813834	0.008933125	0.030815948	-0.03314164
0.0040878225	0.103430435	-0.06674226	-0.10389258	-0.08376178	0.031500887	0.11994924	0.013481003
-0.1504254	-0.14123179	0.1833036	0.20835626	-0.24347249	-0.1973707	-0.24014936	0.24498157
0.46929643	0.48272428	-0.48936436	-0.6489092	0.41693443	0.4895796	0.5948464	-0.5107919
0.4781968	0.5067838	-0.45401022	-0.68499506	0.34959748	0.5115048	0.6520083	-0.5118348
-0.7549579	-0.83089536	0.774978	1.1437316	-0.58507144	-0.82170004	-1.1200546	0.76259935
0.16774227	0.15419692	-0.20644538	-0.22176613	0.043077644	0.20455378	0.2548652	-0.18674815
0.82011443	0.87989944	-0.7973563	-1.2456763	0.74011964	0.9757663	1.2286175	-1.0265567
-0.0063914736	0.03779295	-0.06648891	0.028784098	-0.062677614	0.0036792064	0.028054133	0.0141697135
-0.32579783	-0.3561881	0.38494098	0.55051285	-0.38966188	-0.41847494	-0.48410144	0.40976053
-0.4984853	-0.5031887	0.5385456	0.7543786	-0.39590287	-0.61174995	-0.76743275	0.4434178
0.1641398	0.16000903	-0.14539993	-0.1328007	0.066322684	0.16693875	0.18865363	-0.14570573
0.44755623	0.48732942	-0.5006765	-0.7673199	0.50029427	0.5802191	0.6903105	-0.56497014
0.31938007	0.33638677	-0.2790217	-0.4560093	0.18750417	0.35275862	0.37780753	-0.35360965
0.4558095	0.41913328	-0.41234186	-0.649563	0.34945363	0.47309455	0.6048323	-0.487207
0.05971967	0.083936274	-0.037842993	-0.0700631	-0.06493605	0.021655774	0.06328565	-0.056734882
0.27937523	0.3191798	-0.285504	-0.35316557	0.21581882	0.38289115	0.3633924	-0.28371298
-0.39887995	-0.3864093	0.4185147	0.6323903	-0.33224902	-0.46070594	-0.5252265	0.44825006
0.23838547	0.26691437	-0.29352525	-0.45856702	0.20700279	0.2659662	0.4162711	-0.29855785
-0.16380017	-0.24157085	0.20289508	0.33666182	-0.2507245	-0.29076672	-0.29298732	0.113641635
0.32055852	0.287487	-0.315772	-0.42872298	0.24547282	0.29429936	0.41151646	-0.39808577
0.44142544	0.4247045	-0.40408593	-0.6646703	0.38249597	0.5404087	0.653559	-0.5493609
1.0626011	1.1108187	-1.1500545	-1.635624	1.1533856	1.2197802	1.5793337	-1.2222704
-0.057965726	-0.07025109	0.06025926	0.03552059	-0.04427375	-0.0043802736	-0.050382264	0.051970303
0.24013692	0.26210862	-0.23287873	-0.324714	0.15996832	0.20236476	0.2815146	-0.25716776
0.26098183	0.24509491	-0.20472269	-0.37457445	0.211449	0.29070854	0.34538332	-0.31127986
-0.16475193	-0.21259326	0.16899398	0.2784364	-0.23518941	-0.25458175	-0.28499746	0.21521243
-0.09509142	-0.121941134	0.16991027	0.20366322	-0.16903886	-0.21377935	-0.24851294	0.18234774
-0.62867576	-0.6768013	0.67423767	0.94601065	-0.6007056	-0.8045322	-0.9876973	0.73653305
0.6609386	0.6470781	-0.6772231	-0.92096984	0.5640435	0.7506705	0.9528617	-0.7666981
-0.35263628	-0.35077718	0.35034606	0.5720221	-0.32762343	-0.42519262	-0.55389094	0.37939334
0.9893189	0.961833	-0.9348472	-1.3889313	0.98009384	1.1471444	1.3294246	-1.274322
-0.8129116	-0.93631095	0.92124146	1.2555709	-0.5061196	-0.8578828	-1.3021762	0.9297504
-0.7997227	-0.8229142	0.84298265	1.227354	-0.8419226	-0.9511373	-1.1560812	0.91999894
-0.35188204	-0.40961158	0.35478535	0.547512	-0.35808283	-0.45687017	-0.5577307	0.35641617
-0.037687276	0.03954867	0.029296026	0.018539986	-0.09865136	-0.0101144165	0.03795498	-0.03165488
0.68562204	0.7319007	-0.64990664	-1.0387555	0.51705104	0.76032966	1.0259409	-0.699197
0.009595266	-0.042633973	0.0051831566	0.059065208	-0.006676047	-0.029766181	-0.07002028	0.0025919615
0.3208539	0.39428943	-0.37253737	-0.47011852	0.27790788	0.41687998	0.50652695	-0.36822766
0.25248283	0.26670033	-0.30136785	-0.42243952	0.24272633	0.2946117	0.4552075	-0.34077325
0.085805126	0.011058532	-0.030428024	-0.037245523	-0.0050792117	0.031315953	0.021493278	-0.07398728
0.19950162	0.1827597	-0.17120013	-0.25981817	0.054684862	0.18154967	0.21352558	-0.226634
0.23533638	0.23349209	-0.23864314	-0.37867773	0.114192575	0.27594483	0.27909988	-0.26377878
-0.3374362	-0.3507867	0.3259972	0.5281299	-0.2708347	-0.4036652	-0.4371301	0.33727324
0.028431438	0.0037340627	-0.010367701	-0.03570747	-0.023724668	0.026217513	0.08331745	-0.053404894
-0.44998294	-0.48383117	0.46866292	0.75455827	-0.4137717	-0.5609614	-0.6826667	0.58013827
0.31006825	0.25385144	-0.3412659	-0.32575983	0.17882161	0.32847577	0.37278706	-0.28264093
0.5252099	0.48360658	-0.5683905	-0.7791824	0.39868656	0.60520035	0.72409844	-0.6507525
0.2962764	0.28169575	-0.27307555	-0.3928515	0.1739752	0.2917816	0.37894705	-0.31326124
-0.006310057	-0.057248883	0.037917618	0.07594523	-0.035169613	-0.030252514	-0.03862754	0.017581854
-0.7641203	-0.8157349	0.6924887	1.1215979	-0.44143227	-0.79711014	-1.0741131	0.5985757
-0.87372714	-0.8560448	0.8950908	1.2507169	-0.5904646	-0.942201	-1.2468306	0.73651874
-0.23599291	-0.21437882	0.17492619	0.3194984	-0.17270915	-0.24383199	-0.28326216	0.26104236
0.16098534	0.17509748	-0.14162613	-0.21398294	0.05089098	0.20985392	0.23662357	-0.15636626
0.22719048	0.19010656	-0.2797949	-0.3667689	0.1652897	0.2509467	0.3228095	-0.27682236
0.19664215	0.17979327	-0.17847635	-0.23458983	0.055520564	0.18684343	0.23971257	-0.20461391
0.39207724	0.38256377	-0.37809715	-0.51501083	0.3785757	0.37082744	0.5293002	-0.3483879
0.65373677	0.61885387	-0.6567803	-1.0077182	0.57746255	0.7059663	0.9454357	-0.80222374
-0.7034096	-0.7784537	0.76208746	0.9795459	-0.47198144	-0.8143574	-1.1069574	0.6360923
0.18093337	0.2599734	-0.21766284	-0.34882063	0.1305383	0.22674158	0.35309	-0.19297028
0.0064183827	0.0039210706	0.005417287	0.00026516378	-0.05583762	-0.06481599	-0.0624184	-0.027750472
0.06564957	0.014151903	-0.08409587	-0.07672829	-0.09324504	0.0007008857	0.01338131	-0.08275326
-0.26015437	-0.27306062	0.19003625	0.35149184	-0.23770607	-0.27189788	-0.38007882	0.25322646
0.041154616	-0.040851757	-0.030540701	-0.020555895	-0.016345004	0.00078535924	0.0068419706	0.022813737
-0.49046415	-0.49888864	0.49062878	0.74323374	-0.4197183	-0.51912624	-0.73927945	0.6545794
-0.1718866	-0.23575327	0.19230211	0.3132959	-0.12095754	-0.18877949	-0.30873457	0.21331966
0.30484927	0.32460186	-0.34079418	-0.47647122	0.2711343	0.3476701	0.42557794	-0.36577013
-0.07125713	-0.10932094	0.07839874	0.17458838	-0.09477961	-0.088309035	-0.08507678	0.13091551
0.24130468	0.29786038	-0.31382743	-0.33768713	0.2891307	0.28073287	0.35694617	-0.23682743
-0.14907458	-0.17724723	0.10274886	0.20581086	-0.1963396	-0.16686124	-0.21393427	0.13710964
0.20003161	0.14291868	-0.19548614	-0.2784531	0.11437851	0.2496596	0.24957351	-0.20129897
0.13810563	0.12260709	-0.085476585	-0.09612668	0.03185107	0.06029903	0.18677604	-0.12776408
-0.4946609	-0.5085847	0.5022084	0.72274756	-0.43088984	-0.5277138	-0.7307295	0.47012553
-0.031675074	-0.076398455	0.048715513	0.04000431	-0.10230273	-0.104680516	-0.06885326	0.021409625
0.21392176	0.18282597	-0.24455746	-0.30190188	0.1625309	0.2598962	0.3773496	-0.20094736
-0.5512765	-0.5809117	0.48877415	0.80305254	-0.36839437	-0.5915213	-0.7988401	0.49067172
-0.44047463	-0.51096576	0.44846275	0.7341566	-0.6327016	-0.56713027	-0.67507404	0.6157658
-0.34451053	-0.34899896	0.2603843	0.46518683	-0.35271016	-0.39330682	-0.39831978	0.33788905
0.48031744	0.44396347	-0.4863207	-0.6565135	0.3373825	0.4565297	0.64210653	-0.5911973
-0.09578057	-0.088104814	0.09525541	0.17460965	-0.15618517	-0.16739957	-0.11841832	0.16164069
-0.8410417	-0.8823363	0.8257386	1.2478329	-0.52079684	-0.9235122	-1.2425816	0.7903268
0.41818488	0.39605576	-0.38165236	-0.62020683	0.3381664	0.45232245	0.60752696	-0.47462845
-0.5561261	-0.6114911	0.57487	0.9176427	-0.52151287	-0.76153004	-0.87596	0.56705374
-0.17459366	-0.15933624	0.2589947	0.33795172	-0.24128951	-0.20205674	-0.2882297	0.23335564
-0.35515687	-0.38090727	0.43336108	0.6317248	-0.30218878	-0.42019355	-0.62916297	0.4082333
-0.12338562	-0.09545983	0.14773355	0.17314976	-0.19039167	-0.12097477	-0.1754218	0.12304955
-0.52449054	-0.49655482	0.50043267	0.7851861	-0.49633893	-0.606891	-0.76715094	0.54915303
0.2831058	0.34604818	-0.33879462	-0.5469199	0.2505622	0.31368575	0.48383087	-0.39810115
0.11406806	0.081704505	-0.08699309	-0.07788108	-0.0075325007	0.12182614	0.09643586	-0.14646922
-0.54678977	-0.58798724	0.50207186	0.84911954	-0.4936924	-0.6586363	-0.80809754	0.538398
-0.0428517	-0.0048216633	0.021000866	0.042647783	-0.08351733	-0.009917302	-0.007725037	0.03961925
0.21694523	0.25344145	-0.25336823	-0.3291877	0.20448291	0.33286005	0.3919686	-0.2373221
0.5478861	0.5038362	-0.563333	-0.76324004	0.4332215	0.6333395	0.7099472	-0.6228486
0.16230567	0.10322551	-0.106588595	-0.1321916	0.023036651	0.07947774	0.1691315	-0.07933764
0.23352894	0.29376882	-0.30678275	-0.35670254	0.2026459	0.32822597	0.4097454	-0.26037335
-0.04945727	-0.038121168	0.022824677	0.07765823	-0.06607854	-0.1166414	-0.0344367	0.11381636
0.37779453	0.36560854	-0.38624567	-0.46908045	0.365466	0.33727047	0.5272306	-0.32519624
0.021315012	0.013797634	-0.08003859	-0.034434725	0.0016595108	0.0610906	0.04584521	-0.034482762
-0.034295566	-0.04044099	0.06884707	0.0095467605	-0.0054854387	-0.011207782	-0.08436788	0.009694829
-0.6933276	-0.67035633	0.6954516	0.9876712	-0.43429655	-0.7529788	-1.0188087	0.67032355
0.36785212	0.41760537	-0.38735044	-0.60792845	0.30805668	0.44021285	0.51193	-0.42289323
0.012823537	-0.054650377	0.051145807	0.09566778	-0.06910812	-0.083115906	-0.068052314	0.03446588
-0.45978937	-0.43355724	0.45691612	0.6720824	-0.3098758	-0.4653381	-0.6813753	0.5071193
0.9090823	0.9336863	-0.91471213	-1.4559255	1.1244054	1.1404538	1.3383181	-1.1012027
0.010047746	0.035514526	0.008097925	0.0020840007	-0.0054173367	0.028154852	0.015170636	0.026550652
0.09328073	0.10402329	-0.04911173	-0.018304331	0.031994592	0.01670059	0.11110497	-0.08996671
0.052425597	0.06146433	0.007833315	-0.018577479	-0.053891163	0.0747579	0.026781581	-0.02791415
-0.022584558	0.04055005	0.013335045	-0.042842858	-0.02920956	-0.0491728	-0.008204245	-0.008561052
-0.07548856	-0.07719704	0.09955452	0.18876101	-0.12113985	-0.06475893	-0.16664757	0.07813489
-0.008857293	0.046522498	0.038871992	0.009028926	0.019561056	-0.020722836	0.03644362	-0.0045490414
-0.40817288	-0.39259464	0.44379443	0.6420325	-0.20378956	-0.44546753	-0.6506064	0.28022763
0.07057122	-0.0024844166	0.01646061	-0.076806754	0.0053860056	-0.013091204	0.06700115	-0.028074669
-0.06256765	-0.11608049	0.07320161	0.13475552	-0.1338979	-0.099882215	-0.1285119	0.11443904
0.2981863	0.28862134	-0.2908706	-0.39597967	0.109323435	0.23663159	0.4091223	-0.30839294
-0.09200918	-0.023230797	0.07142713	0.032921895	-0.036925346	-0.04549053	-0.11006244	0.011058537
0.6001003	0.63203233	-0.6127262	-0.9233129	0.747539	0.7363065	0.89899296	-0.83625036
-0.5091358	-0.55048186	0.4711619	0.6617174	-0.37897485	-0.57516557	-0.7669114	0.52133733
0.17340238	0.23725075	-0.24955656	-0.3081297	0.0848239	0.26237428	0.30019113	-0.19966409
-0.5430483	-0.55446917	0.54974145	0.74677163	-0.4285686	-0.62948185	-0.68330526	0.5610322
-0.0046632285	-0.016106581	-0.09896741	-0.039627206	-0.02356495	-0.023164932	0.013814344	-0.11918849
-0.48230466	-0.5092102	0.5761577	0.6913598	-0.35097557	-0.5089527	-0.7866277	0.57172257
0.61035323	0.6627893	-0.61472726	-0.883118	0.68454355	0.74992037	0.899019	-0.764026
-0.34336483	-0.33704522	0.3064195	0.5078129	-0.24859324	-0.39062676	-0.44290793	0.32070172
-0.23616332	-0.2579107	0.23621531	0.3548915	-0.23138759	-0.3699305	-0.43322837	0.30773324
0.34184048	0.32398045	-0.30344877	-0.48215356	0.23070572	0.36829424	0.387374	-0.34514537
-0.17482461	-0.2063364	0.18410121	0.2494523	-0.15426825	-0.17589206	-0.24549927	0.100714125
-0.105425954	-0.1196283	0.11799808	0.13355581	-0.17388538	-0.14232203	-0.12909786	0.17485604
-0.6901774	-0.7138439	0.6713688	0.96878767	-0.4689695	-0.81391877	-0.9872354	0.6602403
-0.49508712	-0.512068	0.5180733	0.82349	-0.58830893	-0.5849153	-0.7803538	0.6013157
0.777827	0.80599475	-0.7562835	-1.1423919	0.9135406	0.91280615	1.1018056	-0.8487551
-0.43969715	-0.4976547	0.50977296	0.7087844	-0.3234913	-0.510118	-0.6587202	0.4347788
0.2213655	0.22930454	-0.25534075	-0.44432312	0.24511464	0.29585126	0.35009405	-0.2500741
-0.29040095	-0.2660003	0.3115245	0.40572482	-0.2863717	-0.2723946	-0.4339183	0.30892056
0.23995319	0.23660174	-0.16802816	-0.25197434	0.17557986	0.23345757	0.29277995	-0.23474023
0.42823717	0.40788192	-0.44854817	-0.5717478	0.30889815	0.4572383	0.5811471	-0.5125647
0.26690277	0.29235387	-0.27250707	-0.42413008	0.23403917	0.23735934	0.40606406	-0.39659888
0.6917809	0.6673975	-0.62479305	-0.96707124	0.63809	0.8034503	0.9341254	-0.7399895
-0.63906044	-0.6413408	0.6372999	0.88736105	-0.3736999	-0.64026856	-0.9421532	0.5614978
0.47795627	0.4638119	-0.42307287	-0.6520009	0.42282677	0.5356918	0.60182875	-0.5394626
-0.09491886	-0.07100333	0.106188774	0.10887558	-0.12542336	-0.11437762	-0.13412535	0.0630484
-0.1940874	-0.24557254	0.17330141	0.3277783	-0.26890725	-0.2959218	-0.3904925	0.31028885
-0.25436893	-0.25655365	0.20707232	0.3870235	-0.22889966	-0.34596694	-0.40222937	0.2583079
0.5549264	0.5625335	-0.5500514	-0.88147944	0.53889894	0.6436477	0.81731176	-0.7959335
-0.4833526	-0.5200747	0.5449815	0.68936986	-0.35119095	-0.54444665	-0.7321941	0.49086788
0.3792332	0.42437324	-0.42004964	-0.6081252	0.37604487	0.48213813	0.49877417	-0.46465862
0.23314011	0.15557575	-0.15252167	-0.25559822	0.17480096	0.24893776	0.29108462	-0.27587485
-0.052297078	-0.016512105	0.033689402	0.010441672	0.060186587	0.007515804	0.006188897	0.013205756
-0.8591831	-0.93576556	0.90609974	1.3658098	-0.7304809	-0.96922606	-1.3474315	0.85548913
0.037988484	-0.018400272	-0.027167654	-0.0030560743	-0.044965502	0.011462675	-0.013794185	-0.00409512
-0.58652973	-0.58948946	0.5641056	0.7392775	-0.27278736	-0.5913151	-0.8567044	0.5399104
0.0476811	0.042697407	-0.06590241	-0.060998272	0.027851636	-0.0023728225	0.025876503	-0.10296234
-0.018275164	-0.049738344	-0.05007499	-0.044522036	-0.05963847	-0.019457873	0.008922642	-0.035214327
-0.4642062	-0.5362957	0.505581	0.8011311	-0.35110047	-0.6096293	-0.81695783	0.45596552
-0.12920327	-0.15765058	0.17013663	0.20843677	-0.17550203	-0.20011555	-0.23915291	0.12065277
0.24626563	0.17067078	-0.18268894	-0.35277966	0.21763216	0.27083528	0.3395463	-0.19204392
0.6228298	0.6268147	-0.68165356	-0.99527	0.6800056	0.71170056	0.89043766	-0.7391399
0.11666279	0.01851808	-0.07553994	-0.025112739	-0.0018459791	0.060648203	0.1137768	-0.0342342
0.4123928	0.41842622	-0.4525238	-0.59299505	0.3232908	0.45569173	0.5890647	-0.49987343
-0.34948832	-0.34747556	0.29633036	0.51240104	-0.3334557	-0.33554572	-0.51409864	0.35690242
-0.41385382	-0.41819283	0.3791054	0.6142616	-0.31847346	-0.44488263	-0.57757246	0.28744024
-0.18573996	-0.11777419	0.17470966	0.26222175	-0.16210565	-0.104978256	-0.2491523	0.05509891
0.09209858	0.07080927	-0.04858843	-0.06790841	0.013025908	0.086478904	0.07146735	-0.064996935
0.025489373	0.07143042	-0.021300992	-0.01274418	0.004314796	0.081258684	0.044999793	-0.06805773
-0.4052694	-0.49869713	0.4191929	0.6573463	-0.37812096	-0.47885495	-0.6606445	0.39157748
-0.2910952	-0.2599502	0.24139868	0.4027064	-0.23082717	-0.34335133	-0.36994052	0.28813013
-0.11885415	-0.14320807	0.05669926	0.15733382	-0.17175983	-0.11516712	-0.13061732	0.14610256
0.29814786	0.34108096	-0.35245308	-0.4465518	0.25144318	0.36996704	0.41192052	-0.38316652
-0.18852586	-0.12438733	0.13975175	0.26716638	-0.17699882	-0.21051794	-0.25515044	0.1841067
0.1206232	0.099071264	-0.15095146	-0.11181813	0.06588149	0.15901224	0.15986568	-0.080624916
0.5405216	0.54086876	-0.5314454	-0.81221855	0.53079516	0.6359778	0.7379533	-0.70121986
0.32773128	0.34888095	-0.31202596	-0.5354965	0.30730996	0.45228383	0.5428034	-0.46563438
-0.21213986	-0.24478571	0.24362406	0.36872303	-0.25269103	-0.23217638	-0.3515745	0.3129796
-0.6333474	-0.62839204	0.6023746	0.84470963	-0.46470132	-0.65007865	-0.85380405	0.6259668
-0.3763586	-0.3889064	0.39891836	0.5190265	-0.3748243	-0.35461065	-0.44302002	0.3039094
-0.111543216	-0.07181492	0.04253244	0.09980857	-0.08898638	-0.13695334	-0.11184895	0.043869883
-0.016089913	0.027027605	-0.011705262	0.07640744	-0.049572602	0.022274131	-0.057810843	0.017987423
0.27713096	0.22746132	-0.21195994	-0.39540118	0.25407478	0.2814493	0.3090077	-0.23542774
-0.23650466	-0.2224665	0.2540752	0.3788132	-0.27220562	-0.30508414	-0.334288	0.23911051
-0.07915703	-0.09520754	0.097250804	0.14806925	-0.16107702	-0.104663506	-0.108313434	0.08644789
-0.7085356	-0.7872518	0.7725046	1.0184189	-0.44750416	-0.80666244	-1.1067479	0.74286485
-0.14676681	-0.15208444	0.123992115	0.18706289	-0.082056716	-0.1658798	-0.14619347	0.17617191
0.40953875	0.4468611	-0.4216981	-0.6213233	0.3842449	0.46283928	0.56774575	-0.49128622
-0.55450034	-0.5155944	0.5623696	0.77372366	-0.476206	-0.5302168	-0.7449578	0.68538624
-0.10215612	-0.10199382	0.05897588	0.13339409	-0.12824722	-0.12655322	-0.08981361	0.06597247
-0.418764	-0.4648771	0.46883944	0.5878267	-0.2908348	-0.48608136	-0.66854495	0.3365788
-0.21285431	-0.2168999	0.2239567	0.273454	-0.2103622	-0.22433056	-0.23328376	0.16027978
-0.5118296	-0.5950558	0.4873226	0.7511548	-0.5362256	-0.571645	-0.7252997	0.69388974
-0.27620956	-0.32979393	0.30249298	0.4875515	-0.25416473	-0.39553335	-0.47648427	0.29931778
-0.10168133	-0.11944439	0.1148635	0.17827435	-0.15465869	-0.1290667	-0.22718656	0.15477088
0.60309094	0.65310603	-0.61647713	-0.8892071	0.6673373	0.67279243	0.8572957	-0.6901224
-0.2644499	-0.29563868	0.2555584	0.40092424	-0.21564049	-0.30042553	-0.4179119	0.28333145
0.74921274	0.7339525	-0.7776959	-1.1615121	0.8659207	0.9389434	1.0575825	-0.8695779
0.2567856	0.29033554	-0.2980218	-0.34940958	0.27435043	0.3254162	0.3212556	-0.29965195
-0.52894074	-0.5338438	0.5470064	0.8489698	-0.5345128	-0.5953882	-0.82784396	0.5671298
0.164882	0.12469066	-0.13795702	-0.2466145	0.0438076	0.18408105	0.19989046	-0.15744852
-0.5910536	-0.67122865	0.54390776	0.8632137	-0.39848027	-0.7477857	-0.86176693	0.45685118
-0.36383793	-0.36810684	0.28969646	0.46437848	-0.3516284	-0.452066	-0.47436175	0.31525198
0.21430431	0.2815474	-0.21062231	-0.3738151	0.2284449	0.20743172	0.34806222	-0.29891947
0.19580825	0.18239722	-0.20227431	-0.2639774	0.07109146	0.24084772	0.28111935	-0.24391037
-0.3009609	-0.298956	0.32704905	0.45003638	-0.24226327	-0.3030758	-0.39209953	0.28807825
0.32456887	0.32338956	-0.2827563	-0.38128307	0.24268967	0.2988252	0.37952238	-0.3392787
0.3356213	0.32117084	-0.35219464	-0.4384064	0.26495072	0.36583677	0.39717144	-0.29421043
0.046203014	0.063740775	-0.047624294	-0.013398537	-0.017011914	0.0006619821	0.06893474	-0.034160465
-0.53362346	-0.5291015	0.5581452	0.74369186	-0.40052179	-0.60846084	-0.73230046	0.4511463
0.1943689	0.21417154	-0.19808939	-0.32519448	0.11660993	0.22895762	0.27970374	-0.20869829
0.1440352	0.22282206	-0.22457366	-0.27488035	0.15515916	0.18830065	0.28795558	-0.20009273
0.078488745	0.030542182	-0.03703879	-0.030484766	-0.05967987	0.00489451	-0.019513857	0.0089747
0.27905965	0.35272115	-0.28178084	-0.43643686	0.2683683	0.343268	0.39556688	-0.3097489
-0.8500327	-0.94106776	0.9558355	1.2997229	-0.66431284	-1.0175941	-1.3059775	0.77145255
-0.5604514	-0.6063108	0.58833635	0.8374607	-0.41928673	-0.6284289	-0.8207029	0.42222327
0.21376038	0.14307845	-0.22657433	-0.31346098	0.1845011	0.21747598	0.26869377	-0.18120086
0.47359186	0.47903934	-0.4428378	-0.64126676	0.35964468	0.5525056	0.66088873	-0.5680244
-0.38077703	-0.37315023	0.3778067	0.5912112	-0.35676318	-0.4305516	-0.5286855	0.38516843
0.45892102	0.4994411	-0.48198578	-0.7159072	0.3114963	0.54827577	0.71344346	-0.4530739
-0.23720221	-0.19286431	0.22593062	0.23439096	-0.16627988	-0.24384242	-0.2391271	0.17391348
0.3856407	0.34492788	-0.33528018	-0.5140483	0.23710608	0.4275559	0.47156477	-0.32657272
-0.039082628	-0.051346406	0.067025855	0.14359939	-0.13021763	-0.11949541	-0.07606204	0.072750635
0.22885592	0.2748817	-0.27937743	-0.41280028	0.23292649	0.28271118	0.38864475	-0.28184003
0.28474906	0.3175845	-0.31659392	-0.48206818	0.19833633	0.39264464	0.42523748	-0.31059942
0.2403594	0.30077618	-0.31285077	-0.36991856	0.29217494	0.34036037	0.3819233	-0.31147528
-0.50688297	-0.51338726	0.6313846	0.7101702	-0.36417612	-0.53666437	-0.82855093	0.67490447
-0.07032625	-0.05063163	0.08840061	0.05178541	-0.06602222	-0.03457636	-0.06469733	0.060362957
0.029643834	0.048859254	-0.06701353	-0.10993907	0.025282135	0.065729775	0.12577648	-0.11824267
-0.34736013	-0.36063257	0.4368271	0.55183583	-0.21258463	-0.36438373	-0.4869671	0.25281894
-0.3985969	-0.44766262	0.39906722	0.68671346	-0.5201411	-0.53037834	-0.6371784	0.48303658
-0.0015517118	-0.08543632	0.056725714	0.042369988	-0.12953521	-0.05044645	-0.058005776	0.07993664
0.10428646	0.101161465	-0.12335966	-0.10716263	0.06989431	0.18168075	0.18211773	-0.107981354
-0.27915943	-0.20634764	0.28722495	0.33378047	-0.2709214	-0.23974003	-0.3596811	0.2196437
-0.7239223	-0.78202116	0.8054907	1.0326939	-0.4368732	-0.8061727	-1.2347993	0.7678722
-0.5170136	-0.52223384	0.48044267	0.77550465	-0.46068335	-0.60936207	-0.7266575	0.521228
-0.3210226	-0.3070702	0.30016455	0.47618622	-0.38710442	-0.41918778	-0.52306694	0.44665498
0.025790637	0.0013090556	-0.04386884	0.033496898	-0.015823103	-0.027630547	0.068134	-0.00608316
-0.27646598	-0.2631279	0.2189124	0.32973933	-0.19010173	-0.27756017	-0.40670788	0.15000162
0.36046952	0.31127796	-0.31407103	-0.52769166	0.2592495	0.36909667	0.5404585	-0.3444691
-0.7855425	-0.8364117	0.8700955	1.2298542	-0.48426747	-0.95121217	-1.2181394	0.773227
-0.15614441	-0.1612951	0.19542515	0.32837665	-0.26882154	-0.2457212	-0.27201188	0.23643191
-0.7507518	-0.82035446	0.86496496	1.0894145	-0.80704385	-0.8820209	-1.1603882	0.89717764
-0.35439116	-0.36964396	0.3535803	0.5900976	-0.22068143	-0.3897426	-0.57146883	0.33065093
-0.09447521	-0.062893614	0.03826397	0.09920679	-0.0788073	-0.047350977	-0.10897493	0.06699651
-0.5767089	-0.61937165	0.66749126	0.88009226	-0.3176358	-0.722182	-0.9204572	0.72931445
-0.48792425	-0.534829	0.49017146	0.6934849	-0.49263212	-0.48550165	-0.6216016	0.3960236
0.18534906	0.1929087	-0.21171452	-0.27951822	0.13029407	0.22558168	0.28810906	-0.14095268
-0.4154702	-0.52809834	0.4879995	0.6508604	-0.37333494	-0.49749362	-0.73173136	0.39459527
-0.3430071	-0.3534173	0.3040066	0.48470825	-0.21512172	-0.43996847	-0.44542256	0.34066015
-0.5799721	-0.5342249	0.5812492	0.74662536	-0.42414552	-0.6093344	-0.8073531	0.63241297
-0.30535117	-0.29572114	0.34464484	0.4095121	-0.21808177	-0.33307162	-0.41353905	0.3706029
-0.574571	-0.6928894	0.596802	0.94962704	-0.40645787	-0.6647071	-0.8818521	0.52765006
0.18142132	0.1799703	-0.18739231	-0.3189426	0.16417985	0.27800456	0.3114541	-0.31108072
-0.36759254	-0.4507102	0.42790392	0.6570188	-0.41503325	-0.5050277	-0.55499506	0.4547046
0.5227934	0.4971997	-0.565812	-0.76640105	0.51430076	0.5648299	0.7348377	-0.62202966
0.5248558	0.4929448	-0.49749005	-0.7738316	0.42961004	0.5817174	0.74567306	-0.5513409
-0.15821739	-0.10577288	0.118206754	0.21844676	-0.13796492	-0.092741705	-0.17568858	0.1575754
0.5696517	0.6370897	-0.6711492	-0.95509267	0.53621554	0.69421965	0.81743157	-0.7530187
-0.58107823	-0.63275135	0.5676065	0.7381823	-0.4448098	-0.59959275	-0.84615856	0.67717624
0.5119428	0.53910077	-0.4904159	-0.7288538	0.6638712	0.588157	0.7247968	-0.5916003
-0.2879402	-0.29986092	0.20180266	0.41813135	-0.2628916	-0.3028519	-0.34660986	0.253469
0.28373387	0.33491153	-0.29891193	-0.44754696	0.19125383	0.32410935	0.39472866	-0.41200688
0.3862067	0.3741506	-0.42790145	-0.53308034	0.27948648	0.39626208	0.5098166	-0.40956092
0.525453	0.5674121	-0.5911916	-0.7445209	0.4717517	0.6039273	0.8219351	-0.6117631
-0.08568978	-0.0824532	0.13319035	0.14212717	-0.15147154	-0.12874022	-0.15766798	0.1432298
-0.18836744	-0.15963167	0.1913399	0.20309532	-0.1990014	-0.16058804	-0.18903087	0.18970764
0.1663283	0.25904986	-0.16043963	-0.3338611	0.16230443	0.23110166	0.30555633	-0.20554516
0.5973073	0.61608994	-0.51110214	-0.82479006	0.5844381	0.6886827	0.84478325	-0.6802467
0.30184335	0.2534158	-0.31117696	-0.42909363	0.23976772	0.34089822	0.44603717	-0.34937137
-0.48694128	-0.53229856	0.48271748	0.6302111	-0.368928	-0.6145288	-0.72931814	0.5935359
0.082545124	0.18095288	-0.13796389	-0.14330454	0.004791957	0.10611134	0.157206	-0.16273658
0.6621242	0.6561299	-0.60170054	-0.9378357	0.5426245	0.67057866	0.869724	-0.61044425
0.26100636	0.21737573	-0.30948275	-0.29686227	0.09576556	0.25638118	0.33725443	-0.25842568
0.0071167774	-0.06770806	0.00871296	0.06652828	-0.0893542	-0.026431076	-0.050378926	0.015507692
-0.08141925	-0.08588686	0.07157846	0.07611588	-0.075283304	-0.029901557	-0.10898328	0.08658025
-0.102482066	-0.072987504	0.028192235	0.08892817	-0.033107653	-0.053857844	-0.07255192	0.08067813
0.19955195	0.18099172	-0.22592886	-0.31976816	0.1392856	0.17894553	0.28023762	-0.19355926
0.50682557	0.5078245	-0.5120996	-0.77673477	0.5345842	0.69205856	0.8142718	-0.6146778
0.07523319	0.074211575	-0.055562384	-0.048549417	-0.030202392	0.07790284	0.024183834	-0.059104454
-0.31017697	-0.3248381	0.34735823	0.5597728	-0.36165917	-0.39004654	-0.46525475	0.31432563
0.60211927	0.5617146	-0.5139672	-0.8905428	0.53571707	0.672399	0.82808447	-0.57132035
0.6370322	0.62418294	-0.63939935	-0.93662786	0.6182221	0.7496075	0.84905654	-0.67551386
-0.6129451	-0.68271786	0.5462284	0.8079735	-0.39487246	-0.7619653	-0.8746567	0.64867455
-0.4595195	-0.4975442	0.3991792	0.6638726	-0.552193	-0.504592	-0.68229824	0.52942276
0.05650048	0.0075034127	-0.009701239	-0.048830833	0.019877834	0.05099968	0.06434956	-0.0032358435
-0.3498858	-0.3616563	0.342164	0.5335147	-0.2882474	-0.35307598	-0.48899955	0.27793637
0.19804148	0.25766847	-0.2062988	-0.30422708	0.1741382	0.18074164	0.3252054	-0.21682812
-0.084603526	-0.098378904	0.16101329	0.21173486	-0.09285903	-0.1116136	-0.22641881	0.11076083
0.23355345	0.19361933	-0.21268025	-0.36110672	0.22930917	0.20981832	0.32346502	-0.3418506
0.23363121	0.20193346	-0.16371518	-0.24219853	0.060791366	0.16406912	0.3145487	-0.2802408
0.43764564	0.39341044	-0.36970893	-0.6655418	0.3408268	0.436407	0.6040317	-0.37403142
0.12454183	0.20398684	-0.18471894	-0.26168048	0.108128384	0.18481758	0.210465	-0.26044142
-0.33439532	-0.35317048	0.28318167	0.5105506	-0.32188797	-0.3659199	-0.43393788	0.34257656
-0.6292237	-0.5993653	0.5874476	0.8689538	-0.38501072	-0.5541543	-0.85703605	0.585565
-0.12530777	-0.08891694	0.036479086	0.085753426	-0.1391774	-0.14930327	-0.088235356	0.06838219
-0.3446238	-0.31696275	0.31354713	0.4135441	-0.2807608	-0.3584427	-0.43304685	0.36716893
0.00523776	-0.065175384	-0.0039198333	0.097381525	-0.10260461	-0.016965367	-0.052702304	0.020228194
0.23930308	0.22363476	-0.22580884	-0.31761092	0.09902184	0.19795313	0.25334528	-0.13686301
0.1219791	0.089221254	-0.1443641	-0.15121163	0.060031265	0.10104308	0.16485356	-0.08476118
0.10771093	0.10592257	-0.10371599	-0.14142056	0.005773497	0.075204484	0.10517625	-0.14736277
-0.12111188	-0.120216385	0.13868223	0.16181909	-0.17210737	-0.20220135	-0.22547531	0.13315995
-0.08581072	-0.08965131	0.14013	0.13715844	-0.123754434	-0.16361257	-0.110181674	0.18166727
0.115441024	0.071838506	-0.050553825	-0.15169102	-0.042231746	0.082028575	0.15848173	-0.059316695
-0.029831527	-0.0009207938	0.046392933	0.03332413	-0.12333039	-0.007865638	-0.06787804	0.10544446
-0.38518363	-0.4773249	0.41957483	0.5568822	-0.30171967	-0.5224398	-0.6373011	0.5215313
-0.45864564	-0.49458584	0.4482092	0.64342064	-0.33168745	-0.49099952	-0.6446438	0.41678137
-0.20446281	-0.15949613	0.18383397	0.21677987	-0.23049912	-0.17816333	-0.27127966	0.2502676
-0.0022235753	-0.056949686	0.009506755	0.042264063	-0.024004798	-0.07064937	-0.02450872	0.024743056
0.055340476	0.09762179	-0.04264472	-0.08987203	0.0024493057	0.07825696	0.10868273	-0.07233449
-0.4337107	-0.48401463	0.47793338	0.6677514	-0.3886752	-0.53379834	-0.67803484	0.52491456
-0.5253393	-0.56432486	0.5878889	0.68085456	-0.3758339	-0.6026088	-0.77231383	0.52393836
0.40948254	0.43797055	-0.4323749	-0.6924339	0.4330065	0.47699425	0.69009906	-0.53652656
-0.32244334	-0.27982986	0.25515348	0.46789262	-0.3468305	-0.38764027	-0.48990262	0.31881553
0.01731476	0.049542066	0.025928056	0.07008464	-0.08054607	-0.0053436174	0.017489463	0.06161688
-0.14995568	-0.15856801	0.19211134	0.31459022	-0.23748559	-0.22310786	-0.26765788	0.17156947
-0.038424395	0.015062452	0.03994337	0.067968726	-0.062052026	-0.033314593	-0.056936037	0.014120999
0.19058429	0.20993729	-0.1688637	-0.19043134	0.056341738	0.20412774	0.17939346	-0.20522319
0.38412008	0.34010908	-0.3341251	-0.47665164	0.26462662	0.39855924	0.5254761	-0.4426494
0.47253287	0.55693096	-0.5355167	-0.779867	0.45056966	0.5421697	0.7145323	-0.5976918
0.7050492	0.7456773	-0.65667045	-1.0216151	0.7670704	0.81613004	1.0058287	-0.7640782
-0.06612837	0.012650233	0.04143264	0.0059911846	-0.059277635	-0.07599124	-0.042091303	0.0033182409
0.0791113	0.10854306	-0.08418052	-0.12140736	-0.047192372	0.028145486	0.1498052	-0.07591136
0.086173184	0.09551937	-0.06628111	-0.16258459	-0.04689529	0.107127175	0.17053485	-0.10142009
-0.13108636	-0.16093124	0.21530709	0.21194841	-0.1963672	-0.1632593	-0.2531269	0.20360163
-0.16541575	-0.16323733	0.10820504	0.24609601	-0.19295807	-0.21755789	-0.2289146	0.093731515
0.077371635	0.10555486	-0.07950933	-0.1492948	0.036739998	0.10610376	0.09516878	-0.11724395
0.21210112	0.13912584	-0.22915281	-0.2730642	0.14394772	0.21454422	0.29779226	-0.16559814
-0.48953938	-0.5163093	0.5113499	0.7304411	-0.3451198	-0.53784406	-0.737302	0.7161527
-0.19475573	-0.17100203	0.17042065	0.21229267	-0.13651597	-0.14140373	-0.22428256	0.11850705
-0.22969505	-0.22249623	0.14387704	0.3311076	-0.1964854	-0.19604515	-0.24297403	0.28739583
-0.44225192	-0.47709334	0.5069127	0.72717404	-0.49094713	-0.58902276	-0.6793434	0.5095865
-0.27690935	-0.29801348	0.35164076	0.4836546	-0.3196215	-0.34006065	-0.51370776	0.3615631
-0.28435668	-0.2787573	0.3400863	0.5059038	-0.22954182	-0.32201648	-0.42874846	0.31440285
-0.041023415	-0.07103325	0.07790496	0.12321974	-0.11176498	-0.016426174	-0.045165904	0.028510293
0.36844084	0.34893742	-0.3853014	-0.48634747	0.31911838	0.4462011	0.562143	-0.45847657
0.028473573	-0.048856504	-0.0041702585	0.01049874	0.017309299	0.03573113	0.011491029	-0.00048976514
-0.12056006	-0.13187972	0.09128498	0.13493864	-0.15812653	-0.081432305	-0.119222425	0.12859538
0.120610826	0.17719206	-0.18370931	-0.2236805	0.08374092	0.116144426	0.221306	-0.16056594
-0.42266607	-0.42869458	0.40692222	0.6527875	-0.45875525	-0.4828309	-0.6577675	0.5484781
0.29763958	0.32328728	-0.28238314	-0.44967473	0.21208106	0.3804276	0.48032686	-0.3609318
0.18745081	0.21180634	-0.16590478	-0.20820531	0.1330823	0.2075079	0.2779442	-0.1554466
-0.009732868	-0.070889324	0.038054563	0.10652562	-0.086956516	-0.11424406	-0.07235627	0.035834037
-0.65126795	-0.6299813	0.58330846	0.9909718	-0.5892452	-0.7578619	-0.87190634	0.63261
0.2723384	0.29939303	-0.32355675	-0.44768235	0.2548801	0.2910366	0.4196221	-0.3371434
-0.22960113	-0.26247936	0.23987874	0.36813164	-0.17950991	-0.2844707	-0.38400748	0.33741224
-0.27753916	-0.2854092	0.3270661	0.4899715	-0.2498747	-0.33822435	-0.45795888	0.35539985
-0.31668726	-0.24995929	0.31194425	0.37620965	-0.28283268	-0.3721882	-0.41457352	0.30827355
-0.2035492	-0.22836956	0.2313307	0.31833038	-0.2843585	-0.26653713	-0.30148104	0.18281601
0.34660962	0.41429755	-0.38244015	-0.5553378	0.30098933	0.38179323	0.52591866	-0.44840154
-0.24378847	-0.1979159	0.19109288	0.39359388	-0.25007504	-0.24334568	-0.37939397	0.28312168
-0.2398522	-0.2811221	0.32093206	0.40909225	-0.39908856	-0.38586283	-0.4616506	0.35311225
-0.13545448	-0.17222689	0.15200382	0.20868528	-0.20760792	-0.2313403	-0.210245	0.11453466
-0.10615718	-0.108366996	0.14234455	0.2226214	-0.13575017	-0.16156025	-0.18836267	0.18049765
0.052365728	0.04558125	0.016312826	-0.03473796	-0.030127952	-0.01225618	0.050342623	-0.045568924
-0.39236698	-0.38122842	0.33995646	0.6194476	-0.33719632	-0.38515756	-0.51787657	0.46659225
-0.15441832	-0.16480789	0.154871	0.23449022	-0.10351672	-0.17226313	-0.19097975	0.14089064
-0.088707894	-0.13453636	0.0567812	0.16404371	-0.13492149	-0.11501587	-0.20439363	0.12453845
0.3106964	0.29817545	-0.36582667	-0.4405915	0.26621872	0.278752	0.45834538	-0.40829346
0.028801708	0.056314632	0.01535081	0.004655304	0.001950004	-0.005580677	0.041330792	-0.06050678
-0.07153816	-0.07112094	0.0016299536	0.1465715	-0.148529	-0.042968903	-0.13647291	0.050619025
0.57518965	0.55675775	-0.5765949	-0.8633472	0.5067091	0.67136484	0.83327276	-0.5744964
0.41889733	0.47639525	-0.4138376	-0.6181635	0.43448517	0.54547757	0.58623075	-0.55930084
0.38221094	0.38365543	-0.3685973	-0.603825	0.43759432	0.47526222	0.5721278	-0.5032072
0.31519908	0.3583271	-0.31459132	-0.46421733	0.40685079	0.36755916	0.47060156	-0.41864827
0.20969906	0.17575598	-0.13820675	-0.19429049	0.09049027	0.148416	0.24748528	-0.12881769
-0.04725058	-0.044035558	-0.02358575	0.066156566	-0.08033873	-0.027087385	-0.02786364	0.02305971
0.516913	0.51805097	-0.570857	-0.788237	0.58150387	0.632459	0.8301254	-0.69173825
0.07253768	0.14464565	-0.10982702	-0.10492779	0.03259265	0.138945	0.095709264	-0.07176669
0.18648086	0.15476662	-0.17590608	-0.19928868	0.110340066	0.18474892	0.24990545	-0.17086895
0.52066314	0.55479044	-0.48162735	-0.7238492	0.42310217	0.57031655	0.7779472	-0.62749267
0.16565919	0.10884672	-0.09306579	-0.17894104	-0.008465974	0.120773666	0.12944251	-0.18517107
-0.35087004	-0.32785007	0.31150368	0.4948257	-0.29109594	-0.36927706	-0.44464043	0.33718944
-0.576752	-0.6551653	0.55053544	0.87250525	-0.46750417	-0.67044216	-0.82539976	0.53258675
-0.08431415	-0.04067822	0.10394689	0.07467161	-0.016761042	-0.073967434	-0.12949754	0.08293358
0.105654664	0.04582731	-0.06542613	-0.13618761	0.10856099	0.12896445	0.096590646	-0.1071231
0.2516626	0.30451086	-0.24057662	-0.44633752	0.16853252	0.35550517	0.33114365	-0.2628692
0.47854316	0.48974946	-0.48038	-0.7474554	0.54776514	0.6526579	0.7570426	-0.60925955
-0.2034193	-0.29302877	0.18267395	0.36339977	-0.19491866	-0.33182165	-0.32767004	0.22294754
0.5326475	0.59482926	-0.55355275	-0.91982776	0.4432408	0.7351136	0.8417716	-0.6950958
-0.63994724	-0.58994824	0.64355576	0.8331208	-0.45590955	-0.70702165	-0.8965291	0.63837564
0.11222737	0.11922252	-0.17329538	-0.22942969	0.12666072	0.15236066	0.21376272	-0.12061539
-0.086059585	-0.12231421	0.08460589	0.16001882	-0.14384109	-0.18243526	-0.15711011	0.09974933
-0.49151197	-0.5073685	0.4723315	0.73778194	-0.26482317	-0.52346337	-0.6877141	0.4074834
0.54381853	0.5422013	-0.5335142	-0.8169355	0.48327398	0.51009524	0.73290104	-0.6437593
-0.3458068	-0.4210241	0.39144635	0.57302815	-0.34399736	-0.4259022	-0.5211285	0.31371102
-0.20403732	-0.24300294	0.18292208	0.25619304	-0.13025068	-0.21227981	-0.28661954	0.1745285
-0.612783	-0.67235065	0.5791284	0.9106623	-0.49355203	-0.763942	-0.90328354	0.5402043
0.12591295	0.11617793	-0.14008747	-0.17786014	0.17569499	0.16077921	0.1984948	-0.18907882
-0.46181536	-0.5320486	0.4783499	0.5530042	-0.2972347	-0.5507438	-0.7074725	0.3835963
-0.017763322	-0.013266339	-0.014405268	0.06351718	-0.13285032	-0.026391	0.0193494	0.00038838017
-0.28690144	-0.29260892	0.23342492	0.3969214	-0.25433725	-0.33086675	-0.4569501	0.28893206
0.16281779	0.18754809	-0.18090054	-0.30842954	0.110724166	0.19242689	0.25458384	-0.28165448
-0.086544834	0.007415563	0.056912154	0.10145944	-0.031126842	-0.0023863078	-0.06057988	-0.028500317
0.14821526	0.12850772	-0.16641524	-0.13355723	0.032508846	0.1453685	0.20169047	-0.17265257
0.23382792	0.2452412	-0.29286575	-0.41194567	0.30973202	0.2970536	0.4017975	-0.31324556
-0.23069233	-0.20487478	0.23470187	0.31946242	-0.18547428	-0.25590974	-0.2948758	0.2578698
-0.16007847	-0.15355396	0.06978844	0.21526983	-0.06692808	-0.16795379	-0.13036282	0.14647357
0.049236827	0.050991997	-0.029658426	0.014970818	0.02349815	0.0332188	0.029203357	-0.060473647
0.24610807	0.2620586	-0.29560727	-0.28875908	0.22090076	0.2544501	0.37036744	-0.26470605
0.22462633	0.27493674	-0.21382888	-0.34190986	0.16926183	0.24812728	0.32329574	-0.26542613
-0.5285851	-0.6082916	0.60242265	0.82413965	-0.57392937	-0.65871644	-0.8756152	0.54905343
-0.11994316	-0.123370126	0.04374624	0.109220974	-0.14452668	-0.12226157	-0.18228906	0.02239447
-0.32460183	-0.42921442	0.31116712	0.6068749	-0.39496258	-0.42576173	-0.5369577	0.4566297
0.049998857	0.038950693	-0.016738506	-0.005077591	0.034975402	0.017693548	0.01260872	3.1254618e-05
-0.057319414	-0.052788064	0.03900843	-0.01825493	-0.07450618	-0.027748635	-0.060409334	-0.013438273
0.58342797	0.53278244	-0.54290414	-0.83856595	0.52287555	0.6621037	0.8013999	-0.712989
0.5029456	0.54041857	-0.54264116	-0.792772	0.65342027	0.62695014	0.8309546	-0.66490626
-0.0967555	-0.13041498	0.088579714	0.19163327	-0.26679614	-0.15556726	-0.21956676	0.10738072
0.35531402	0.3869996	-0.40526497	-0.47740194	0.28939727	0.42474443	0.480738	-0.3929076
-0.120223686	-0.14848518	0.056048587	0.1878321	-0.17966671	-0.107827835	-0.14746173	0.1445924
-0.32776776	-0.37709096	0.33046117	0.5112898	-0.26909035	-0.33751023	-0.5138339	0.3495098
0.13514012	0.12895952	-0.17064072	-0.13477789	0.059810426	0.09396812	0.18539509	-0.14663905
0.15281095	0.24323322	-0.24616915	-0.26861313	0.18274911	0.15619773	0.25883764	-0.24894853
0.4078958	0.40537494	-0.44319373	-0.59667236	0.39184904	0.50095135	0.53912926	-0.44640443
0.122246474	0.09990141	-0.0463653	-0.077729926	-0.025531711	0.10400308	0.12274611	-0.028673612
0.1451574	0.11919708	-0.09245447	-0.15429036	0.116113976	0.13172647	0.24104072	-0.13383773
0.31337655	0.270483	-0.2701169	-0.42078054	0.18014677	0.31505364	0.41159075	-0.29287457
0.19772407	0.17117085	-0.25041848	-0.3333429	0.084146954	0.26055676	0.3326001	-0.13053232
0.599252	0.6439775	-0.61193776	-0.888485	0.58657897	0.6711371	0.86957365	-0.8078502
-0.14582008	-0.13361701	0.15534899	0.26330107	-0.23964897	-0.2512533	-0.24865498	0.21927875
-0.67574865	-0.730591	0.68474555	0.89864504	-0.50704116	-0.8333329	-1.0697031	0.776235
0.6162697	0.5595129	-0.6115841	-0.8727441	0.5969463	0.67450136	0.82132715	-0.7782344
-0.030226855	-0.015112609	0.03963806	0.067770794	-0.03268701	-0.061341908	-0.109018445	0.07210612
0.26614144	0.2893621	-0.3117238	-0.4388258	0.2102037	0.36255547	0.41403276	-0.41065803
-0.14106114	-0.1879227	0.19166301	0.2424922	-0.20578538	-0.2286316	-0.2324762	0.16697374
0.5538959	0.56590265	-0.51997674	-0.81043404	0.619847	0.67423683	0.7801222	-0.6221748
-0.055807084	-0.08198044	0.1026363	0.09787893	-0.12241118	-0.090486504	-0.059798177	0.07092185
-0.23293778	-0.33056825	0.30607438	0.40176213	-0.26732856	-0.36555284	-0.40706313	0.25708315
0.315632	0.301185	-0.33793643	-0.5439122	0.24696775	0.36652392	0.43445253	-0.40704957
0.019112296	0.03743987	0.0012792161	-0.03209079	0.028649673	0.03047464	-0.006334329	-0.04454698
0.3496589	0.33175826	-0.3499936	-0.56131434	0.26693952	0.38799417	0.5095544	-0.3437478
-0.22634435	-0.2989311	0.20973086	0.33055848	-0.21105222	-0.36131096	-0.41424316	0.26158294
0.42083624	0.49748504	-0.44701305	-0.6603848	0.53364617	0.5031354	0.63650286	-0.5456325
0.48976868	0.45523587	-0.4861467	-0.6714582	0.5990403	0.5626235	0.59630424	-0.5950225
-0.23386402	-0.24368481	0.23903145	0.36105052	-0.2472077	-0.27563056	-0.38567948	0.33100337
0.34402195	0.38748336	-0.39552408	-0.46390772	0.28975326	0.3256584	0.46442032	-0.41396174
-0.5355328	-0.5465333	0.5630512	0.7899122	-0.46115482	-0.64391834	-0.762434	0.46110564
0.16308472	0.19313331	-0.1810098	-0.18087253	0.11140819	0.2281989	0.21335118	-0.22281504
-0.5864225	-0.7362126	0.59684366	0.87435967	-0.4349795	-0.69278973	-0.94719815	0.5433258
-0.35513785	-0.38529766	0.3518026	0.5366194	-0.25729805	-0.35286316	-0.46832675	0.32799646
-0.5414321	-0.5571391	0.5397597	0.75194806	-0.3090636	-0.6085766	-0.7989587	0.40549552
-0.470193	-0.46184	0.4472634	0.62730306	-0.24471276	-0.42176154	-0.62416774	0.32612333
0.060688257	0.06242761	-0.09841853	-0.14620666	-0.030503254	0.0043647694	0.06931114	-0.13463996
-0.24633618	-0.28780475	0.22333883	0.38955995	-0.28882554	-0.32715583	-0.41268116	0.28681698
0.33431995	0.30807757	-0.29363224	-0.4521368	0.32948318	0.36593547	0.40863603	-0.44029334
0.040421333	0.044247296	-0.032460187	-0.020055292	-0.03149016	0.021837695	0.06639995	0.004513945
-0.1736222	-0.16738805	0.16533382	0.22730711	-0.19126453	-0.23660438	-0.2273815	0.15557805
0.5753161	0.56728476	-0.52988064	-0.81413466	0.61775553	0.70595926	0.7853169	-0.6383671
0.40532365	0.42227978	-0.36174378	-0.55323136	0.34928146	0.47412854	0.5578336	-0.4158229
-0.6723746	-0.7182172	0.6983281	1.0096478	-0.8183581	-0.8591112	-0.97850347	0.7612239
0.40518636	0.40046263	-0.4685845	-0.63652205	0.44561777	0.4660563	0.60020393	-0.37693986
-0.3001879	-0.25303108	0.30862093	0.4417962	-0.27732047	-0.32193628	-0.40946054	0.3006235
-0.39169368	-0.4092061	0.4659184	0.64985764	-0.44334063	-0.45540708	-0.6636853	0.51393485
0.34420985	0.40145108	-0.34854895	-0.5051009	0.26674828	0.4312751	0.4543386	-0.32556313
-0.2089605	-0.20834602	0.1384239	0.21859089	-0.208978	-0.22827125	-0.21168718	0.15969947
0.2907817	0.21354955	-0.24473456	-0.39699703	0.20423727	0.24626634	0.36101082	-0.26889244
-0.3124698	-0.36457276	0.3660483	0.50615126	-0.36743093	-0.37487403	-0.48357806	0.42696685
0.29869115	0.29531613	-0.34904787	-0.47762197	0.32809797	0.39274338	0.43477988	-0.37313563
-0.50799155	-0.5166785	0.44286755	0.7165893	-0.38639626	-0.53559214	-0.7355757	0.42755973
0.1595417	0.12154804	-0.13929226	-0.16278228	0.051778134	0.0908783	0.15940471	-0.1503519
-0.6354104	-0.68630564	0.6503796	0.9493627	-0.5409134	-0.74103343	-0.9910518	0.7301103
-0.02832234	0.0007461834	-0.05069445	0.017518954	0.0065962183	0.03115306	-0.026287863	-0.04622591
-0.3103085	-0.2874877	0.24239491	0.43773234	-0.3533255	-0.28513575	-0.44103417	0.33068204
0.7205542	0.71219945	-0.7053875	-1.0427877	0.90842336	0.88041055	1.019977	-0.9337255
-0.08995771	-0.017335024	0.040541198	0.057359345	-0.08462427	-0.06264147	-0.07363429	0.13993235
0.112613834	0.08840187	-0.11620378	-0.12766126	-0.01212298	0.06311334	0.1295115	-0.19884181
0.5313067	0.49033436	-0.48525268	-0.68846446	0.46443725	0.6246373	0.7105041	-0.63908416
-0.29935208	-0.26055008	0.24147351	0.3674616	-0.1355209	-0.24929626	-0.35028526	0.20104471
-0.120115064	-0.18175729	0.07382546	0.21494974	-0.17136338	-0.16298911	-0.18456422	0.18891451
-0.058689527	-0.082689226	0.041970704	0.059792165	-0.14678632	-0.027610227	-0.08132814	0.014884414
0.19542778	0.17929283	-0.21682063	-0.22258735	0.13147485	0.15422785	0.25797775	-0.19329254
0.41294774	0.43778193	-0.42286232	-0.636148	0.48532042	0.4786494	0.52033514	-0.4162726
-0.45219982	-0.55135524	0.50391394	0.7471363	-0.582627	-0.5921381	-0.6885763	0.55120957
0.06553711	0.013004521	-0.048172716	-0.0682007	-0.066336825	0.0526386	0.018531922	-0.013475231
-0.5440411	-0.5817692	0.5596046	0.9081251	-0.34775248	-0.6300482	-0.8630334	0.47959974
-0.29222676	-0.28446615	0.30621502	0.42717943	-0.170353	-0.2519357	-0.44268018	0.27891335
-0.079403065	-0.09012958	0.096523486	0.13695106	-0.13810101	-0.049760833	-0.14128993	0.101437226
0.02424393	0.044588827	-0.06663601	0.027071651	-0.057925712	0.023266047	0.06960548	-0.014082612
0.36370862	0.3634544	-0.37751713	-0.48560873	0.26944447	0.29569158	0.40356943	-0.44151577
0.1438725	0.12993097	-0.18919067	-0.2093305	0.08798712	0.1596666	0.20547302	-0.19952162
0.025857707	-0.006293097	-0.04129754	-0.060980424	-0.04532289	-0.008984858	0.103379235	-0.08693876
0.39662936	0.4310976	-0.47845298	-0.61329776	0.5591882	0.49503982	0.66355044	-0.50963145
-0.04894256	-0.032745726	-0.013827045	0.06187339	-0.03026387	0.012133959	0.009927006	0.05993693
-0.22585905	-0.17560223	0.23683925	0.30666742	-0.2165968	-0.19435994	-0.3246466	0.19711381
0.1826034	0.20404518	-0.19720192	-0.27372515	0.13714758	0.17830546	0.30614293	-0.24167095
-0.003102493	-0.04482778	0.08321821	0.10781347	-0.07385934	-0.058397193	-0.05384187	0.12392787
-0.11882616	-0.19790325	0.20492724	0.2544429	-0.18104984	-0.18367755	-0.23058532	0.23790564
-0.023832604	-0.018865464	0.026153484	0.11628246	-0.1089625	-0.043743506	-0.02407775	0.085134976
0.13308533	0.110159054	-0.16334695	-0.23279427	0.11642371	0.15954164	0.20794748	-0.22675854
0.3523188	0.37337488	-0.3836642	-0.48709422	0.2793668	0.36575636	0.4502102	-0.33416104
0.19401485	0.20993818	-0.17710803	-0.3298741	0.27822948	0.26480108	0.35487804	-0.30245084
-0.5751545	-0.57000893	0.5362261	0.8593474	-0.74832755	-0.6935565	-0.8293067	0.7093168
-0.073492326	-0.11024499	0.08440319	0.15358505	-0.12944354	-0.11998898	-0.067431316	0.019144626
-0.5256027	-0.59349155	0.5465919	0.8623526	-0.5771206	-0.62365484	-0.81824636	0.6806986
-0.06772948	0.0010837547	0.07763824	0.046066042	-0.097637825	-0.030634847	-0.044663373	0.10881561
0.11976249	0.080922894	-0.0953161	-0.15371631	0.08991523	0.034916706	0.12974392	-0.11763146
-0.70005494	-0.7107418	0.72612005	0.92705184	-0.46780384	-0.6984642	-0.90841615	0.587266
0.200102	0.24244772	-0.24005719	-0.33339432	0.17601053	0.27044442	0.2926805	-0.15979245
0.0392247	0.010904461	-0.08259027	-0.062838264	0.017153008	0.061464753	0.07866767	-0.05762573
-0.019433796	-0.008540538	0.07978803	0.11110018	-0.025466299	-0.02972623	-0.11085344	0.030033214
-0.077063315	-0.07255743	0.08024567	0.119049095	-0.12674963	-0.10348603	-0.13119757	0.080791414
-0.25633705	-0.2934467	0.32310134	0.35652557	-0.29791352	-0.30840534	-0.40061942	0.2819641
0.6989861	0.65029013	-0.6948618	-1.0400003	0.72256345	0.7985566	0.91800016	-0.78582567
-0.16846307	-0.24063256	0.20365176	0.2917495	-0.14102378	-0.26856616	-0.3106922	0.19834723
-0.43612978	-0.42388475	0.41384968	0.5804756	-0.3915965	-0.49727765	-0.5859432	0.40302292
-0.20043278	-0.2868834	0.246542	0.39052042	-0.2576701	-0.25338307	-0.3863373	0.27796304
-0.12521611	-0.11294212	0.07381499	0.107622474	-0.15105365	-0.12149449	-0.13412133	0.16294609
0.037418768	0.025547074	-0.028640682	-0.003485205	-0.04162777	0.023117412	0.024430454	-0.019386703
0.15240046	0.17194954	-0.16016641	-0.16066828	0.050541822	0.13269334	0.17242505	-0.12589593
-0.28868887	-0.2956024	0.22692384	0.38249612	-0.31776994	-0.30812883	-0.42440838	0.30113056
0.39075553	0.3710469	-0.35021988	-0.5479832	0.31812158	0.41487214	0.49974862	-0.4492664
-0.08415382	-0.060528856	0.111486934	0.19021967	-0.13020313	-0.13877662	-0.14923392	0.09490914
0.27147838	0.33605483	-0.2721638	-0.45241722	0.20877317	0.30633757	0.43721825	-0.36155614
0.37310398	0.3614421	-0.41335914	-0.5308945	0.37673146	0.39687863	0.562404	-0.4486283
0.22229096	0.16749805	-0.16710849	-0.21628647	0.21380003	0.1903912	0.1977955	-0.25424024
0.33804888	0.36884263	-0.28925347	-0.36253342	0.22092481	0.33182135	0.45911497	-0.31587178
0.02907091	0.060517572	-0.054754708	-0.005673015	0.051626705	0.050626986	0.04358806	-0.04847422
0.08565067	0.06252587	-0.03816084	-0.055303223	0.009969668	0.016169406	0.024162166	0.0053963135
-0.075450435	-0.099706106	0.04995766	0.1079648	-0.10811633	-0.11355276	-0.06185931	0.05845122
0.46052134	0.42935497	-0.5005604	-0.65813416	0.38601094	0.44844913	0.59433913	-0.46958166
-0.11643016	-0.12692845	0.09505617	0.16197495	-0.15107405	-0.18004598	-0.17929323	0.2002276
-0.33880624	-0.2989028	0.30027005	0.52762866	-0.46137658	-0.44602564	-0.49182543	0.4103262
-0.12112178	-0.18864834	0.13041571	0.264205	-0.20948759	-0.1967559	-0.2563549	0.23181422
0.47348157	0.45933548	-0.51359165	-0.654996	0.41982406	0.48018965	0.6815175	-0.5508157
-0.22559945	-0.18465385	0.17498581	0.36069775	-0.20276833	-0.21019864	-0.37001485	0.21058518
0.19934309	0.24528867	-0.22348778	-0.24839248	0.18414314	0.23641491	0.32792938	-0.24882329
-0.23156707	-0.31353587	0.30426332	0.4278028	-0.24723063	-0.27204356	-0.42221946	0.33263674
0.39230934	0.39857182	-0.37115455	-0.58285224	0.3808222	0.4469182	0.560408	-0.40828103
-0.46703783	-0.5297291	0.47422346	0.766139	-0.32101274	-0.5678231	-0.6935326	0.37617463
-0.30778056	-0.33573905	0.36573493	0.4694663	-0.2724632	-0.40616265	-0.4751879	0.39998904
-0.100511566	-0.09158467	0.10864001	0.13673048	-0.08616303	-0.06723809	-0.18571736	0.12899537
0.16613522	0.18943554	-0.1697239	-0.25575128	0.1473098	0.21944655	0.27638277	-0.2625341
0.0052336957	-0.053477556	-0.03490533	-0.0052571944	-0.10825944	-0.013658003	-0.08279736	0.002225913
-0.3498378	-0.31683105	0.29025844	0.42204195	-0.32263625	-0.34566498	-0.46614817	0.37301457
-0.11684197	-0.12406348	0.16810156	0.23250972	-0.22884949	-0.21726082	-0.17662872	0.14524354
0.065174274	0.10971491	-0.020908177	-0.09160022	-0.026193967	0.1095603	0.123259515	-0.068291545
0.15796623	0.1838464	-0.16612035	-0.266635	0.200217	0.20091146	0.24263118	-0.19498894
-0.097504325	-0.07356905	0.07328687	0.14134768	-0.13574083	-0.17586474	-0.099183716	0.08142943
0.26541337	0.29886803	-0.35399285	-0.3785732	0.1205161	0.24765784	0.36544997	-0.30679977
-0.08927451	-0.1833009	0.14692953	0.16846527	-0.10489112	-0.14222646	-0.2138674	0.16232184
0.46055025	0.5012894	-0.46205205	-0.69730204	0.5594322	0.5199628	0.6411203	-0.6191543
-0.11716409	-0.090770364	0.04641012	0.093040444	-0.048345655	-0.09991578	-0.09722233	-0.008766151
0.51805234	0.5203812	-0.5471426	-0.75092524	0.44300148	0.60852283	0.74395543	-0.5228597
-0.46590132	-0.42338637	0.45996153	0.69757956	-0.33309263	-0.543717	-0.68893135	0.4088323
0.43047976	0.4586982	-0.39916876	-0.553125	0.28462446	0.42638785	0.6215365	-0.46571702
-0.002058095	-0.059199788	-0.0076280735	0.0055381665	-0.08519268	-0.09024323	-0.036457796	-0.001533631
0.03854822	-0.02930665	0.025533225	-0.050899226	0.02392806	0.045055885	0.038547218	0.023876328
0.29286262	0.2178418	-0.2764629	-0.3616401	0.28148532	0.24404158	0.38614938	-0.29323536
-0.17108534	-0.115179524	0.087726116	0.26636022	-0.21000282	-0.19058774	-0.19065383	0.19328445
0.47637612	0.4761881	-0.48333618	-0.6626256	0.48616248	0.5690849	0.68719465	-0.58134854
0.30395672	0.3683545	-0.3598214	-0.46192735	0.20790567	0.38819087	0.5544358	-0.357841
0.3548673	0.3739559	-0.32511774	-0.534441	0.37863877	0.43411615	0.47143632	-0.46353665
0.37841028	0.41295934	-0.38230693	-0.5704151	0.40621668	0.44120416	0.50757474	-0.38443768
0.42148194	0.42275894	-0.45972598	-0.6331251	0.41987374	0.49253687	0.6334522	-0.60753775
-0.20342366	-0.26268935	0.2435591	0.28323105	-0.23621158	-0.22851391	-0.3209723	0.17862277
-0.29773146	-0.3095555	0.3586018	0.53389823	-0.28031346	-0.31534484	-0.49318713	0.39444423
0.32149464	0.30056116	-0.35751197	-0.44608086	0.29384363	0.41601077	0.44568875	-0.3699657
-0.12555952	-0.1421809	0.025070619	0.10487365	-0.03794348	-0.113614984	-0.1220553	0.043646492
0.08312392	0.085473366	-0.08995435	-0.14784509	0.09950649	0.15188086	0.10879557	-0.09359921
0.68876827	0.66510147	-0.6300795	-0.931162	0.7267461	0.7200649	0.86642826	-0.74189293
0.27759135	0.35933188	-0.31119668	-0.5175588	0.17589407	0.3570759	0.5008174	-0.42400342
0.19601148	0.22853783	-0.23400024	-0.2821476	0.18169335	0.182247	0.2739777	-0.21403798
0.58215904	0.5820749	-0.6429466	-0.86905795	0.580858	0.6902847	0.8834009	-0.688438
-0.47268367	-0.5124134	0.533591	0.6673454	-0.31427178	-0.48715633	-0.6776827	0.5235888
0.04290503	-0.0016703361	0.016013902	-0.0067939823	0.029517407	0.014601882	0.023675492	-0.056907013
-0.70282865	-0.7116707	0.7070724	0.9980895	-0.8565495	-0.83097094	-1.0159565	0.844869
-0.38644597	-0.44847205	0.36152437	0.6051928	-0.5958703	-0.45215085	-0.5657998	0.53601646
0.25484753	0.27887672	-0.29476637	-0.44653478	0.21850476	0.27452624	0.40062082	-0.30810553
0.18318012	0.14826782	-0.14495316	-0.28425184	0.1232886	0.1796585	0.28603274	-0.2869588
-0.40655285	-0.35301557	0.40189785	0.49567148	-0.40440494	-0.4241376	-0.56121635	0.3761448
-0.33048227	-0.36459213	0.3990995	0.49488345	-0.18052337	-0.4126247	-0.4869348	0.26791573
0.07680238	0.012168166	-0.061246634	-0.12640956	0.06074875	0.12164815	0.15056312	-0.10327832
0.22491431	0.2333188	-0.21011588	-0.3570832	0.2943162	0.3068711	0.3812405	-0.3249091
0.09277522	0.15855697	-0.09352655	-0.21928947	0.08939656	0.105172426	0.2284632	-0.13403346
-0.32321227	-0.3352519	0.3322173	0.49575213	-0.36322704	-0.4486663	-0.45780677	0.41234225
0.66675943	0.7119215	-0.6046549	-0.9720119	0.6640011	0.7799765	0.92656463	-0.71908796
0.22883809	0.16198276	-0.18068844	-0.26249325	0.10343106	0.23018222	0.26660714	-0.20017715
0.51033616	0.5571334	-0.5403771	-0.7320274	0.5526935	0.5531989	0.698964	-0.5623791
-0.20207477	-0.26872462	0.2412167	0.38577405	-0.21684924	-0.23884748	-0.39338818	0.24629737
0.2933589	0.2594047	-0.34893706	-0.4423228	0.23205179	0.28063053	0.4490663	-0.3664804
-0.14454533	-0.10521315	0.11330759	0.21253723	-0.21627517	-0.2377805	-0.2377568	0.19426243
0.2240669	0.20724402	-0.16863367	-0.27582765	0.103737995	0.19447431	0.2315435	-0.18777634
0.11317518	0.044470295	-0.06753851	-0.11507733	0.058285434	0.074333966	0.13001147	-0.13522862
-0.11233668	-0.120903194	0.08396588	0.12056372	-0.12684837	-0.11691642	-0.09657479	0.08237215
0.24150611	0.21552058	-0.18971254	-0.24585435	0.08382433	0.17072089	0.32049927	-0.23029745
-0.23034303	-0.1998581	0.22944225	0.34277	-0.34392923	-0.27458966	-0.370178	0.3248841
0.30381268	0.25924632	-0.2810493	-0.3783663	0.30099726	0.35633865	0.33926803	-0.3544486
-0.13149932	-0.10503182	0.11767174	0.11768057	-0.05247368	-0.110568576	-0.10902707	0.04641039
0.40254822	0.3307758	-0.3846103	-0.4927435	0.32958946	0.4241425	0.4735701	-0.4141468
0.3855403	0.4576426	-0.40773875	-0.6800257	0.41661024	0.497756	0.6187547	-0.5156435
0.16694938	0.15117033	-0.118781395	-0.19082095	0.08643974	0.13605738	0.20187365	-0.15312123
0.13866453	0.102844805	-0.11695199	-0.1283522	0.1132189	0.093781285	0.16528332	-0.11729736
